pokemon_id,pokemon_name,display_name,level,hp,attack,defense,sp_attack,sp_defense,crit_percent,cdr_percent,lifesteal_percent,attack_speed_percent,move_speed,penetration,range,role,difficulty,damage_type,tier,solo_queue_tier,last_updated
1.,Absol,Absol,1.,"3,000.",140.,52.,20.,36.,0.,0.,0.,10.,"3,650.",0.,Melee,Speedster,Expert,Physical,A+,B,"December 27, 2025"
1.,Absol,Absol,2.,"3,114.",159.,61.,23.,42.,0.,0.,0.,10.71,"3,650.",4.,Melee,Speedster,Expert,Physical,A+,B,"December 27, 2025"
1.,Absol,Absol,3.,"3,239.",180.,71.,27.,48.,0.,0.,0.,11.49,"3,650.",9.,Melee,Speedster,Expert,Physical,A+,B,"December 27, 2025"
1.,Absol,Absol,4.,"3,377.",203.,82.,31.,55.,0.,0.,0.,12.35,"3,650.",13.,Melee,Speedster,Expert,Physical,A+,B,"December 27, 2025"
1.,Absol,Absol,5.,"3,528.",228.,94.,36.,63.,5.,10.,5.,13.29,"3,800.",17.,Melee,Speedster,Expert,Physical,A+,B,"December 27, 2025"
1.,Absol,Absol,6.,"3,695.",256.,107.,41.,72.,5.,10.,5.,14.33,"3,800.",21.,Melee,Speedster,Expert,Physical,A+,B,"December 27, 2025"
1.,Absol,Absol,7.,"3,878.",286.,121.,47.,81.,5.,10.,5.,15.48,"3,950.",26.,Melee,Speedster,Expert,Physical,A+,B,"December 27, 2025"
1.,Absol,Absol,8.,"4,080.",319.,137.,53.,91.,5.,10.,5.,16.74,"3,950.",30.,Melee,Speedster,Expert,Physical,A+,B,"December 27, 2025"
1.,Absol,Absol,9.,"4,303.",356.,154.,60.,102.,10.,20.,10.,18.13,"4,100.",34.,Melee,Speedster,Expert,Physical,A+,B,"December 27, 2025"
1.,Absol,Absol,10.,"4,549.",397.,173.,68.,115.,10.,20.,10.,19.66,"4,100.",39.,Melee,Speedster,Expert,Physical,A+,B,"December 27, 2025"
1.,Absol,Absol,11.,"4,819.",442.,194.,76.,129.,10.,20.,10.,21.35,"4,250.",43.,Melee,Speedster,Expert,Physical,A+,B,"December 27, 2025"
1.,Absol,Absol,12.,"5,116.",491.,217.,85.,144.,10.,20.,10.,23.21,"4,250.",47.,Melee,Speedster,Expert,Physical,A+,B,"December 27, 2025"
1.,Absol,Absol,13.,"5,443.",545.,242.,95.,161.,10.,20.,10.,25.26,"4,250.",51.,Melee,Speedster,Expert,Physical,A+,B,"December 27, 2025"
1.,Absol,Absol,14.,"5,803.",605.,270.,106.,180.,10.,20.,10.,27.51,"4,250.",56.,Melee,Speedster,Expert,Physical,A+,B,"December 27, 2025"
1.,Absol,Absol,15.,"6,200.",670.,300.,118.,200.,10.,20.,10.,29.99,"4,250.",60.,Melee,Speedster,Expert,Physical,A+,B,"December 27, 2025"
2.,Aegislash,Aegislash,1.,"3,000.",168.,80.,20.,60.,0.,0.,0.,15.,"3,600.",0.,Melee,All-Rounder,Expert,Physical,B,B,"December 27, 2025"
2.,Aegislash,Aegislash,2.,"3,062.",171.,83.,21.,62.,0.,0.,0.,15.98,"3,600.",0.,Melee,All-Rounder,Expert,Physical,B,B,"December 27, 2025"
2.,Aegislash,Aegislash,3.,"3,136.",174.,86.,23.,64.,0.,0.,0.,17.16,"3,600.",0.,Melee,All-Rounder,Expert,Physical,B,B,"December 27, 2025"
2.,Aegislash,Aegislash,4.,"3,225.",178.,90.,25.,67.,0.,0.,0.,18.57,"3,600.",0.,Melee,All-Rounder,Expert,Physical,B,B,"December 27, 2025"
2.,Aegislash,Aegislash,5.,"3,547.",192.,105.,32.,77.,5.,10.,0.,21.77,"3,750.",0.,Melee,All-Rounder,Expert,Physical,B,B,"December 27, 2025"
2.,Aegislash,Aegislash,6.,"3,675.",198.,111.,35.,81.,5.,10.,0.,23.81,"3,750.",0.,Melee,All-Rounder,Expert,Physical,B,B,"December 27, 2025"
2.,Aegislash,Aegislash,7.,"4,259.",223.,138.,48.,100.,5.,10.,0.,29.25,"3,900.",0.,Melee,All-Rounder,Expert,Physical,B,B,"December 27, 2025"
2.,Aegislash,Aegislash,8.,"4,444.",231.,147.,52.,106.,5.,10.,0.,35.18,"3,900.",0.,Melee,All-Rounder,Expert,Physical,B,B,"December 27, 2025"
2.,Aegislash,Aegislash,9.,"4,665.",241.,157.,57.,113.,10.,20.,0.,35.7,"4,050.",0.,Melee,All-Rounder,Expert,Physical,B,B,"December 27, 2025"
2.,Aegislash,Aegislash,10.,"4,931.",253.,169.,63.,122.,10.,20.,0.,39.92,"4,050.",0.,Melee,All-Rounder,Expert,Physical,B,B,"December 27, 2025"
2.,Aegislash,Aegislash,11.,"5,250.",267.,184.,70.,132.,10.,20.,0.,44.99,"4,200.",0.,Melee,All-Rounder,Expert,Physical,B,B,"December 27, 2025"
2.,Aegislash,Aegislash,12.,"5,632.",284.,202.,78.,144.,10.,20.,0.,44.99,"4,200.",0.,Melee,All-Rounder,Expert,Physical,B,B,"December 27, 2025"
2.,Aegislash,Aegislash,13.,"6,091.",304.,223.,88.,159.,10.,20.,0.,44.99,"4,200.",0.,Melee,All-Rounder,Expert,Physical,B,B,"December 27, 2025"
2.,Aegislash,Aegislash,14.,"6,641.",328.,249.,100.,177.,10.,20.,0.,44.99,"4,200.",0.,Melee,All-Rounder,Expert,Physical,B,B,"December 27, 2025"
2.,Aegislash,Aegislash,15.,"7,302.",357.,280.,115.,200.,10.,20.,0.,44.99,"4,200.",0.,Melee,All-Rounder,Expert,Physical,B,B,"December 27, 2025"
3.,Alcremie,Alcremie,1.,"3,100.",120.,40.,50.,30.,0.,0.,0.,10.,"3,800.",0.,Ranged,Supporter,Novice,Special,A,A,"December 27, 2025"
3.,Alcremie,Alcremie,2.,"3,231.",124.,46.,64.,38.,0.,0.,0.,10.22,"3,800.",0.,Ranged,Supporter,Novice,Special,A,A,"December 27, 2025"
3.,Alcremie,Alcremie,3.,"3,381.",128.,53.,80.,47.,0.,0.,0.,10.47,"3,800.",0.,Ranged,Supporter,Novice,Special,A,A,"December 27, 2025"
3.,Alcremie,Alcremie,4.,"4,144.",149.,89.,164.,91.,0.,0.,0.,11.76,"3,800.",0.,Ranged,Supporter,Novice,Special,A,A,"December 27, 2025"
3.,Alcremie,Alcremie,5.,"4,343.",154.,99.,186.,102.,0.,5.,0.,12.1,"3,950.",0.,Ranged,Supporter,Novice,Special,A,A,"December 27, 2025"
3.,Alcremie,Alcremie,6.,"4,572.",160.,110.,211.,115.,0.,5.,0.,12.49,"3,950.",0.,Ranged,Supporter,Novice,Special,A,A,"December 27, 2025"
3.,Alcremie,Alcremie,7.,"4,835.",167.,123.,240.,130.,0.,5.,0.,12.94,"4,100.",0.,Ranged,Supporter,Novice,Special,A,A,"December 27, 2025"
3.,Alcremie,Alcremie,8.,"5,138.",175.,137.,273.,147.,0.,5.,0.,13.45,"4,100.",0.,Ranged,Supporter,Novice,Special,A,A,"December 27, 2025"
3.,Alcremie,Alcremie,9.,"5,487.",184.,154.,311.,167.,0.,10.,0.,14.04,"4,250.",0.,Ranged,Supporter,Novice,Special,A,A,"December 27, 2025"
3.,Alcremie,Alcremie,10.,"5,888.",195.,173.,355.,190.,0.,10.,0.,14.72,"4,250.",0.,Ranged,Supporter,Novice,Special,A,A,"December 27, 2025"
3.,Alcremie,Alcremie,11.,"6,349.",208.,195.,406.,217.,0.,10.,0.,15.5,"4,400.",0.,Ranged,Supporter,Novice,Special,A,A,"December 27, 2025"
3.,Alcremie,Alcremie,12.,"6,880.",222.,220.,464.,248.,0.,10.,0.,16.4,"4,400.",0.,Ranged,Supporter,Novice,Special,A,A,"December 27, 2025"
3.,Alcremie,Alcremie,13.,"7,491.",239.,249.,531.,283.,0.,10.,0.,17.43,"4,400.",0.,Ranged,Supporter,Novice,Special,A,A,"December 27, 2025"
3.,Alcremie,Alcremie,14.,"8,193.",258.,282.,608.,323.,0.,10.,0.,18.62,"4,400.",0.,Ranged,Supporter,Novice,Special,A,A,"December 27, 2025"
3.,Alcremie,Alcremie,15.,"9,000.",280.,320.,696.,370.,0.,10.,0.,19.99,"4,400.",0.,Ranged,Supporter,Novice,Special,A,A,"December 27, 2025"
4.,Armarouge,Armarouge,1.,"3,300.",150.,60.,80.,40.,0.,0.,0.,10.,"3,600.",0.,Ranged,Attacker,Intermediate,Special,B+,B,"December 27, 2025"
4.,Armarouge,Armarouge,2.,"3,387.",154.,65.,94.,44.,0.,0.,0.,10.89,"3,600.",0.,Ranged,Attacker,Intermediate,Special,B+,B,"December 27, 2025"
4.,Armarouge,Armarouge,3.,"3,486.",159.,71.,110.,49.,0.,0.,0.,11.91,"3,600.",0.,Ranged,Attacker,Intermediate,Special,B+,B,"December 27, 2025"
4.,Armarouge,Armarouge,4.,"3,600.",165.,78.,128.,55.,0.,0.,0.,13.08,"3,600.",0.,Ranged,Attacker,Intermediate,Special,B+,B,"December 27, 2025"
4.,Armarouge,Armarouge,5.,"4,122.",192.,110.,211.,82.,0.,5.,0.,18.43,"3,750.",0.,Ranged,Attacker,Intermediate,Special,B+,B,"December 27, 2025"
4.,Armarouge,Armarouge,6.,"4,273.",200.,119.,235.,90.,0.,5.,0.,19.98,"3,750.",0.,Ranged,Attacker,Intermediate,Special,B+,B,"December 27, 2025"
4.,Armarouge,Armarouge,7.,"4,447.",209.,130.,263.,99.,0.,5.,0.,21.76,"3,900.",0.,Ranged,Attacker,Intermediate,Special,B+,B,"December 27, 2025"
4.,Armarouge,Armarouge,8.,"4,647.",219.,142.,295.,109.,0.,5.,0.,23.82,"3,900.",0.,Ranged,Attacker,Intermediate,Special,B+,B,"December 27, 2025"
4.,Armarouge,Armarouge,9.,"4,878.",231.,156.,332.,121.,0.,10.,0.,26.18,"4,050.",0.,Ranged,Attacker,Intermediate,Special,B+,B,"December 27, 2025"
4.,Armarouge,Armarouge,10.,"5,143.",244.,172.,374.,134.,0.,10.,0.,28.9,"4,050.",0.,Ranged,Attacker,Intermediate,Special,B+,B,"December 27, 2025"
4.,Armarouge,Armarouge,11.,"5,448.",260.,191.,422.,150.,0.,10.,0.,32.03,"4,200.",0.,Ranged,Attacker,Intermediate,Special,B+,B,"December 27, 2025"
4.,Armarouge,Armarouge,12.,"5,799.",278.,213.,478.,168.,0.,10.,0.,35.63,"4,200.",0.,Ranged,Attacker,Intermediate,Special,B+,B,"December 27, 2025"
4.,Armarouge,Armarouge,13.,"6,203.",299.,238.,542.,189.,0.,20.,0.,39.77,"4,200.",0.,Ranged,Attacker,Intermediate,Special,B+,B,"December 27, 2025"
4.,Armarouge,Armarouge,14.,"6,667.",323.,267.,616.,213.,0.,20.,0.,44.53,"4,200.",0.,Ranged,Attacker,Intermediate,Special,B+,B,"December 27, 2025"
4.,Armarouge,Armarouge,15.,"7,200.",350.,300.,700.,240.,0.,20.,0.,50.,"4,200.",0.,Ranged,Attacker,Intermediate,Special,B+,B,"December 27, 2025"
5.,Articuno,Articuno,1.,"3,740.",20.,114.,96.,118.,0.,0.,0.,10.,"3,650.",0.,Ranged,Defender,Novice,Special,A,A,"June 21, 2026"
5.,Articuno,Articuno,2.,"3,964.",23.,131.,109.,132.,0.,0.,0.,10.72,"3,650.",0.,Ranged,Defender,Novice,Special,A,A,"June 21, 2026"
5.,Articuno,Articuno,3.,"4,210.",27.,150.,123.,147.,0.,0.,0.,11.5,"3,650.",0.,Ranged,Defender,Novice,Special,A,A,"June 21, 2026"
5.,Articuno,Articuno,4.,"4,481.",31.,172.,139.,163.,0.,0.,0.,12.37,"3,650.",0.,Ranged,Defender,Novice,Special,A,A,"June 21, 2026"
5.,Articuno,Articuno,5.,"4,778.",36.,195.,156.,181.,0.,5.,0.,13.32,"3,800.",0.,Ranged,Defender,Novice,Special,A,A,"June 21, 2026"
5.,Articuno,Articuno,6.,"5,106.",41.,220.,175.,201.,0.,5.,0.,14.36,"3,800.",0.,Ranged,Defender,Novice,Special,A,A,"June 21, 2026"
5.,Articuno,Articuno,7.,"5,466.",46.,248.,196.,223.,0.,5.,0.,15.51,"3,950.",0.,Ranged,Defender,Novice,Special,A,A,"June 21, 2026"
5.,Articuno,Articuno,8.,"5,863.",53.,279.,219.,248.,0.,5.,0.,16.78,"3,950.",0.,Ranged,Defender,Novice,Special,A,A,"June 21, 2026"
5.,Articuno,Articuno,9.,"6,298.",59.,313.,245.,274.,0.,10.,0.,18.17,"4,100.",0.,Ranged,Defender,Novice,Special,A,A,"June 21, 2026"
5.,Articuno,Articuno,10.,"6,778.",67.,350.,273.,303.,0.,10.,0.,19.71,"4,100.",0.,Ranged,Defender,Novice,Special,A,A,"June 21, 2026"
5.,Articuno,Articuno,11.,"7,306.",75.,391.,303.,336.,0.,10.,0.,21.39,"4,250.",0.,Ranged,Defender,Novice,Special,A,A,"June 21, 2026"
5.,Articuno,Articuno,12.,"7,886.",84.,436.,337.,371.,0.,10.,0.,23.24,"4,250.",0.,Ranged,Defender,Novice,Special,A,A,"June 21, 2026"
5.,Articuno,Articuno,13.,"8,525.",93.,485.,374.,410.,0.,10.,0.,25.29,"4,250.",0.,Ranged,Defender,Novice,Special,A,A,"June 21, 2026"
5.,Articuno,Articuno,14.,"9,227.",104.,540.,415.,453.,0.,10.,0.,27.53,"4,250.",0.,Ranged,Defender,Novice,Special,A,A,"June 21, 2026"
5.,Articuno,Articuno,15.,"10,000.",116.,600.,460.,500.,0.,10.,0.,30.,"4,250.",0.,Ranged,Defender,Novice,Special,A,A,"June 21, 2026"
6.,Azumarill,Azumarill,1.,"3,250.",125.,80.,20.,80.,0.,0.,0.,10.,"3,600.",0.,Melee,All-Rounder,Novice,Physical,D,B,"December 27, 2025"
6.,Azumarill,Azumarill,2.,"3,352.",132.,87.,22.,87.,0.,0.,0.,10.67,"3,600.",0.,Melee,All-Rounder,Novice,Physical,D,B,"December 27, 2025"
6.,Azumarill,Azumarill,3.,"3,469.",141.,95.,24.,95.,0.,0.,0.,11.43,"3,600.",0.,Melee,All-Rounder,Novice,Physical,D,B,"December 27, 2025"
6.,Azumarill,Azumarill,4.,"4,064.",185.,136.,36.,136.,0.,0.,5.,15.31,"3,600.",0.,Melee,All-Rounder,Novice,Physical,D,B,"December 27, 2025"
6.,Azumarill,Azumarill,5.,"4,219.",196.,147.,40.,147.,0.,0.,5.,16.32,"3,750.",0.,Melee,All-Rounder,Novice,Physical,D,B,"December 27, 2025"
6.,Azumarill,Azumarill,6.,"4,398.",209.,159.,44.,159.,0.,0.,5.,17.48,"3,750.",0.,Melee,All-Rounder,Novice,Physical,D,B,"December 27, 2025"
6.,Azumarill,Azumarill,7.,"4,603.",224.,173.,48.,173.,0.,0.,5.,18.82,"3,900.",0.,Melee,All-Rounder,Novice,Physical,D,B,"December 27, 2025"
6.,Azumarill,Azumarill,8.,"4,839.",241.,189.,53.,189.,0.,0.,5.,20.36,"3,900.",0.,Melee,All-Rounder,Novice,Physical,D,B,"December 27, 2025"
6.,Azumarill,Azumarill,9.,"5,111.",261.,208.,59.,208.,0.,0.,10.,22.13,"4,050.",0.,Melee,All-Rounder,Novice,Physical,D,B,"December 27, 2025"
6.,Azumarill,Azumarill,10.,"5,424.",284.,230.,65.,230.,0.,0.,10.,24.17,"4,050.",0.,Melee,All-Rounder,Novice,Physical,D,B,"December 27, 2025"
6.,Azumarill,Azumarill,11.,"5,784.",310.,255.,72.,255.,0.,0.,10.,26.52,"4,200.",0.,Melee,All-Rounder,Novice,Physical,D,B,"December 27, 2025"
6.,Azumarill,Azumarill,12.,"6,198.",340.,284.,81.,284.,0.,0.,10.,29.22,"4,200.",0.,Melee,All-Rounder,Novice,Physical,D,B,"December 27, 2025"
6.,Azumarill,Azumarill,13.,"6,674.",375.,317.,91.,317.,0.,0.,10.,32.33,"4,200.",0.,Melee,All-Rounder,Novice,Physical,D,B,"December 27, 2025"
6.,Azumarill,Azumarill,14.,"7,221.",415.,355.,102.,355.,0.,0.,10.,35.9,"4,200.",0.,Melee,All-Rounder,Novice,Physical,D,B,"December 27, 2025"
6.,Azumarill,Azumarill,15.,"7,850.",461.,399.,115.,399.,0.,0.,10.,40.,"4,200.",0.,Melee,All-Rounder,Novice,Physical,D,B,"December 27, 2025"
7.,Blastoise,Blastoise,1.,"3,225.",150.,100.,50.,70.,0.,0.,0.,10.,"3,700.",0.,Ranged,Defender,Novice,Special,S,S,"December 27, 2025"
7.,Blastoise,Blastoise,2.,"3,326.",152.,108.,55.,75.,0.,0.,0.,10.29,"3,700.",0.,Ranged,Defender,Novice,Special,S,S,"December 27, 2025"
7.,Blastoise,Blastoise,3.,"3,447.",154.,117.,61.,82.,0.,0.,0.,10.63,"3,700.",0.,Ranged,Defender,Novice,Special,S,S,"December 27, 2025"
7.,Blastoise,Blastoise,4.,"3,593.",157.,128.,68.,90.,0.,0.,0.,11.04,"3,700.",0.,Ranged,Defender,Novice,Special,S,S,"December 27, 2025"
7.,Blastoise,Blastoise,5.,"4,122.",168.,169.,95.,119.,0.,5.,0.,12.54,"3,850.",0.,Ranged,Defender,Novice,Special,S,S,"December 27, 2025"
7.,Blastoise,Blastoise,6.,"4,333.",172.,185.,106.,130.,0.,5.,0.,13.14,"3,850.",0.,Ranged,Defender,Novice,Special,S,S,"December 27, 2025"
7.,Blastoise,Blastoise,7.,"5,293.",191.,260.,155.,182.,0.,5.,0.,15.86,"4,000.",0.,Ranged,Defender,Novice,Special,S,S,"December 27, 2025"
7.,Blastoise,Blastoise,8.,"5,597.",197.,284.,171.,198.,0.,5.,0.,16.72,"4,000.",0.,Ranged,Defender,Novice,Special,S,S,"December 27, 2025"
7.,Blastoise,Blastoise,9.,"5,961.",204.,312.,190.,218.,0.,10.,0.,17.75,"4,150.",0.,Ranged,Defender,Novice,Special,S,S,"December 27, 2025"
7.,Blastoise,Blastoise,10.,"6,398.",213.,346.,212.,242.,0.,10.,0.,18.98,"4,150.",0.,Ranged,Defender,Novice,Special,S,S,"December 27, 2025"
7.,Blastoise,Blastoise,11.,"6,923.",224.,387.,239.,271.,0.,10.,0.,20.46,"4,300.",0.,Ranged,Defender,Novice,Special,S,S,"December 27, 2025"
7.,Blastoise,Blastoise,12.,"7,552.",237.,436.,271.,305.,0.,10.,0.,22.24,"4,300.",0.,Ranged,Defender,Novice,Special,S,S,"December 27, 2025"
7.,Blastoise,Blastoise,13.,"8,307.",252.,495.,310.,346.,0.,10.,0.,24.37,"4,300.",0.,Ranged,Defender,Novice,Special,S,S,"December 27, 2025"
7.,Blastoise,Blastoise,14.,"9,213.",270.,565.,356.,395.,0.,10.,0.,26.93,"4,300.",0.,Ranged,Defender,Novice,Special,S,S,"December 27, 2025"
7.,Blastoise,Blastoise,15.,"10,300.",292.,650.,412.,455.,0.,10.,0.,30.,"4,300.",0.,Ranged,Defender,Novice,Special,S,S,"December 27, 2025"
8.,Blaziken,Blaziken,1.,"3,250.",160.,80.,20.,60.,0.,0.,0.,10.,"3,700.",0.,Melee,All-Rounder,Expert,Physical,A+,A,"December 27, 2025"
8.,Blaziken,Blaziken,2.,"3,315.",165.,85.,21.,64.,0.,0.,0.,10.29,"3,700.",0.,Melee,All-Rounder,Expert,Physical,A+,A,"December 27, 2025"
8.,Blaziken,Blaziken,3.,"3,393.",171.,92.,23.,69.,0.,0.,0.,10.63,"3,700.",0.,Melee,All-Rounder,Expert,Physical,A+,A,"December 27, 2025"
8.,Blaziken,Blaziken,4.,"3,487.",178.,100.,25.,75.,0.,0.,0.,11.04,"3,700.",0.,Melee,All-Rounder,Expert,Physical,A+,A,"December 27, 2025"
8.,Blaziken,Blaziken,5.,"3,827.",203.,128.,32.,97.,5.,0.,5.,12.54,"3,850.",0.,Melee,All-Rounder,Expert,Physical,A+,A,"December 27, 2025"
8.,Blaziken,Blaziken,6.,"3,963.",213.,139.,35.,106.,5.,0.,5.,13.14,"3,850.",0.,Melee,All-Rounder,Expert,Physical,A+,A,"December 27, 2025"
8.,Blaziken,Blaziken,7.,"4,581.",258.,190.,48.,145.,5.,0.,5.,15.86,"4,000.",0.,Melee,All-Rounder,Expert,Physical,A+,A,"December 27, 2025"
8.,Blaziken,Blaziken,8.,"4,776.",272.,206.,52.,157.,10.,0.,10.,16.72,"4,000.",0.,Melee,All-Rounder,Expert,Physical,A+,A,"December 27, 2025"
8.,Blaziken,Blaziken,9.,"5,010.",289.,226.,57.,172.,10.,0.,10.,17.75,"4,150.",0.,Melee,All-Rounder,Expert,Physical,A+,A,"December 27, 2025"
8.,Blaziken,Blaziken,10.,"5,291.",309.,249.,63.,190.,10.,0.,10.,18.98,"4,150.",0.,Melee,All-Rounder,Expert,Physical,A+,A,"December 27, 2025"
8.,Blaziken,Blaziken,11.,"5,628.",333.,277.,70.,212.,10.,0.,10.,20.46,"4,300.",0.,Melee,All-Rounder,Expert,Physical,A+,A,"December 27, 2025"
8.,Blaziken,Blaziken,12.,"6,033.",362.,311.,78.,238.,10.,0.,10.,22.24,"4,300.",0.,Melee,All-Rounder,Expert,Physical,A+,A,"December 27, 2025"
8.,Blaziken,Blaziken,13.,"6,518.",397.,351.,88.,269.,10.,0.,15.,24.37,"4,300.",0.,Melee,All-Rounder,Expert,Physical,A+,A,"December 27, 2025"
8.,Blaziken,Blaziken,14.,"7,101.",439.,400.,100.,306.,10.,0.,15.,26.93,"4,300.",0.,Melee,All-Rounder,Expert,Physical,A+,A,"December 27, 2025"
8.,Blaziken,Blaziken,15.,"7,800.",490.,458.,115.,351.,10.,0.,15.,30.,"4,300.",0.,Melee,All-Rounder,Expert,Physical,A+,A,"December 27, 2025"
9.,Blissey,Blissey,1.,"3,278.",130.,40.,40.,60.,0.,0.,0.,10.,"3,700.",0.,Melee,Supporter,Intermediate,Special,A+,S,"December 27, 2025"
9.,Blissey,Blissey,2.,"3,427.",134.,44.,52.,65.,0.,0.,0.,10.22,"3,700.",0.,Melee,Supporter,Intermediate,Special,A+,S,"December 27, 2025"
9.,Blissey,Blissey,3.,"3,598.",139.,48.,66.,71.,0.,0.,0.,10.47,"3,700.",0.,Melee,Supporter,Intermediate,Special,A+,S,"December 27, 2025"
9.,Blissey,Blissey,4.,"4,467.",162.,69.,138.,102.,0.,0.,0.,11.76,"3,700.",0.,Melee,Supporter,Intermediate,Special,A+,S,"December 27, 2025"
9.,Blissey,Blissey,5.,"4,694.",168.,74.,157.,110.,0.,5.,0.,12.1,"3,850.",0.,Melee,Supporter,Intermediate,Special,A+,S,"December 27, 2025"
9.,Blissey,Blissey,6.,"4,955.",175.,80.,179.,119.,0.,5.,0.,12.49,"3,850.",0.,Melee,Supporter,Intermediate,Special,A+,S,"December 27, 2025"
9.,Blissey,Blissey,7.,"5,255.",183.,87.,204.,130.,0.,5.,0.,12.94,"4,000.",0.,Melee,Supporter,Intermediate,Special,A+,S,"December 27, 2025"
9.,Blissey,Blissey,8.,"5,600.",192.,95.,233.,142.,0.,5.,0.,13.45,"4,000.",0.,Melee,Supporter,Intermediate,Special,A+,S,"December 27, 2025"
9.,Blissey,Blissey,9.,"5,997.",203.,104.,266.,156.,0.,10.,0.,14.04,"4,150.",0.,Melee,Supporter,Intermediate,Special,A+,S,"December 27, 2025"
9.,Blissey,Blissey,10.,"6,454.",215.,115.,304.,172.,0.,10.,0.,14.72,"4,150.",0.,Melee,Supporter,Intermediate,Special,A+,S,"December 27, 2025"
9.,Blissey,Blissey,11.,"6,980.",229.,128.,348.,191.,0.,10.,0.,15.5,"4,300.",0.,Melee,Supporter,Intermediate,Special,A+,S,"December 27, 2025"
9.,Blissey,Blissey,12.,"7,585.",245.,142.,398.,213.,0.,10.,0.,16.4,"4,300.",0.,Melee,Supporter,Intermediate,Special,A+,S,"December 27, 2025"
9.,Blissey,Blissey,13.,"8,281.",264.,159.,456.,238.,0.,10.,0.,17.43,"4,300.",0.,Melee,Supporter,Intermediate,Special,A+,S,"December 27, 2025"
9.,Blissey,Blissey,14.,"9,081.",285.,178.,523.,267.,0.,10.,0.,18.62,"4,300.",0.,Melee,Supporter,Intermediate,Special,A+,S,"December 27, 2025"
9.,Blissey,Blissey,15.,"10,000.",310.,200.,600.,300.,0.,10.,0.,19.99,"4,300.",0.,Melee,Supporter,Intermediate,Special,A+,S,"December 27, 2025"
10.,Buzzwole,Buzzwole,1.,"3,250.",170.,120.,20.,80.,0.,0.,0.,10.,"3,700.",0.,Melee,All-Rounder,Intermediate,Physical,A,A,"December 27, 2025"
10.,Buzzwole,Buzzwole,2.,"3,412.",180.,134.,23.,91.,0.,0.,0.,10.71,"3,700.",0.,Melee,All-Rounder,Intermediate,Physical,A,A,"December 27, 2025"
10.,Buzzwole,Buzzwole,3.,"3,590.",191.,149.,27.,103.,0.,0.,0.,11.49,"3,700.",0.,Melee,All-Rounder,Intermediate,Physical,A,A,"December 27, 2025"
10.,Buzzwole,Buzzwole,4.,"3,786.",203.,165.,31.,116.,0.,0.,0.,12.35,"3,700.",0.,Melee,All-Rounder,Intermediate,Physical,A,A,"December 27, 2025"
10.,Buzzwole,Buzzwole,5.,"4,001.",216.,183.,35.,130.,10.,0.,5.,13.29,"3,850.",0.,Melee,All-Rounder,Intermediate,Physical,A,A,"December 27, 2025"
10.,Buzzwole,Buzzwole,6.,"4,238.",231.,203.,40.,146.,10.,0.,5.,14.33,"3,850.",0.,Melee,All-Rounder,Intermediate,Physical,A,A,"December 27, 2025"
10.,Buzzwole,Buzzwole,7.,"4,499.",247.,225.,45.,163.,10.,0.,5.,15.48,"4,000.",0.,Melee,All-Rounder,Intermediate,Physical,A,A,"December 27, 2025"
10.,Buzzwole,Buzzwole,8.,"4,786.",265.,249.,51.,182.,10.,0.,5.,16.74,"4,000.",0.,Melee,All-Rounder,Intermediate,Physical,A,A,"December 27, 2025"
10.,Buzzwole,Buzzwole,9.,"5,103.",285.,275.,58.,203.,20.,0.,10.,18.13,"4,150.",0.,Melee,All-Rounder,Intermediate,Physical,A,A,"December 27, 2025"
10.,Buzzwole,Buzzwole,10.,"5,452.",306.,304.,65.,226.,20.,0.,10.,19.66,"4,150.",0.,Melee,All-Rounder,Intermediate,Physical,A,A,"December 27, 2025"
10.,Buzzwole,Buzzwole,11.,"5,836.",330.,336.,73.,251.,20.,0.,10.,21.35,"4,300.",0.,Melee,All-Rounder,Intermediate,Physical,A,A,"December 27, 2025"
10.,Buzzwole,Buzzwole,12.,"6,259.",356.,371.,82.,279.,20.,0.,10.,23.21,"4,300.",0.,Melee,All-Rounder,Intermediate,Physical,A,A,"December 27, 2025"
10.,Buzzwole,Buzzwole,13.,"6,724.",385.,410.,92.,309.,20.,0.,15.,25.26,"4,300.",0.,Melee,All-Rounder,Intermediate,Physical,A,A,"December 27, 2025"
10.,Buzzwole,Buzzwole,14.,"7,236.",417.,453.,103.,343.,20.,0.,15.,27.51,"4,300.",0.,Melee,All-Rounder,Intermediate,Physical,A,A,"December 27, 2025"
10.,Buzzwole,Buzzwole,15.,"7,800.",452.,500.,115.,380.,20.,0.,15.,29.99,"4,300.",0.,Melee,All-Rounder,Intermediate,Physical,A,A,"December 27, 2025"
11.,Ceruledge,Ceruledge,1.,"3,250.",125.,80.,20.,64.,0.,0.,0.,10.,"3,700.",0.,Melee,All-Rounder,Intermediate,Physical,A,A,"December 27, 2025"
11.,Ceruledge,Ceruledge,2.,"3,352.",132.,85.,22.,71.,0.,0.,0.,10.89,"3,700.",0.,Melee,All-Rounder,Intermediate,Physical,A,A,"December 27, 2025"
11.,Ceruledge,Ceruledge,3.,"3,469.",140.,91.,24.,79.,0.,0.,0.,11.91,"3,700.",0.,Melee,All-Rounder,Intermediate,Physical,A,A,"December 27, 2025"
11.,Ceruledge,Ceruledge,4.,"3,604.",149.,98.,27.,88.,0.,0.,0.,13.08,"3,700.",0.,Melee,All-Rounder,Intermediate,Physical,A,A,"December 27, 2025"
11.,Ceruledge,Ceruledge,5.,"4,219.",190.,130.,40.,130.,10.,0.,5.,18.43,"3,850.",0.,Melee,All-Rounder,Intermediate,Physical,A,A,"December 27, 2025"
11.,Ceruledge,Ceruledge,6.,"4,398.",202.,139.,44.,142.,10.,0.,5.,19.98,"3,850.",0.,Melee,All-Rounder,Intermediate,Physical,A,A,"December 27, 2025"
11.,Ceruledge,Ceruledge,7.,"4,603.",216.,150.,48.,156.,10.,0.,5.,21.76,"4,000.",0.,Melee,All-Rounder,Intermediate,Physical,A,A,"December 27, 2025"
11.,Ceruledge,Ceruledge,8.,"4,839.",232.,162.,53.,172.,10.,0.,5.,23.82,"4,000.",0.,Melee,All-Rounder,Intermediate,Physical,A,A,"December 27, 2025"
11.,Ceruledge,Ceruledge,9.,"5,111.",250.,176.,59.,191.,20.,0.,10.,26.18,"4,150.",0.,Melee,All-Rounder,Intermediate,Physical,A,A,"December 27, 2025"
11.,Ceruledge,Ceruledge,10.,"5,424.",271.,192.,66.,213.,20.,0.,10.,28.9,"4,150.",0.,Melee,All-Rounder,Intermediate,Physical,A,A,"December 27, 2025"
11.,Ceruledge,Ceruledge,11.,"5,784.",295.,211.,73.,238.,20.,0.,10.,32.03,"4,300.",0.,Melee,All-Rounder,Intermediate,Physical,A,A,"December 27, 2025"
11.,Ceruledge,Ceruledge,12.,"6,198.",322.,233.,82.,266.,20.,0.,10.,35.63,"4,300.",0.,Melee,All-Rounder,Intermediate,Physical,A,A,"December 27, 2025"
11.,Ceruledge,Ceruledge,13.,"6,674.",353.,258.,92.,299.,20.,0.,10.,39.77,"4,300.",0.,Melee,All-Rounder,Intermediate,Physical,A,A,"December 27, 2025"
11.,Ceruledge,Ceruledge,14.,"7,221.",389.,287.,103.,337.,20.,0.,10.,44.53,"4,300.",0.,Melee,All-Rounder,Intermediate,Physical,A,A,"December 27, 2025"
11.,Ceruledge,Ceruledge,15.,"7,850.",430.,320.,116.,380.,20.,0.,10.,50.,"4,300.",0.,Melee,All-Rounder,Intermediate,Physical,A,A,"December 27, 2025"
12.,Chandelure,Chandelure,1.,"3,200.",135.,35.,50.,30.,0.,0.,0.,10.,"3,700.",0.,Ranged,Attacker,Novice,Special,C,B,"December 27, 2025"
12.,Chandelure,Chandelure,2.,"3,244.",137.,37.,64.,32.,0.,0.,0.,10.29,"3,700.",0.,Ranged,Attacker,Novice,Special,C,B,"December 27, 2025"
12.,Chandelure,Chandelure,3.,"3,297.",140.,40.,80.,35.,0.,0.,0.,10.63,"3,700.",0.,Ranged,Attacker,Novice,Special,C,B,"December 27, 2025"
12.,Chandelure,Chandelure,4.,"3,361.",143.,43.,100.,39.,0.,0.,0.,11.04,"3,700.",0.,Ranged,Attacker,Novice,Special,C,B,"December 27, 2025"
12.,Chandelure,Chandelure,5.,"3,593.",155.,55.,171.,52.,0.,5.,0.,12.54,"3,850.",0.,Ranged,Attacker,Novice,Special,C,B,"December 27, 2025"
12.,Chandelure,Chandelure,6.,"3,685.",160.,60.,199.,57.,0.,5.,0.,13.14,"3,850.",0.,Ranged,Attacker,Novice,Special,C,B,"December 27, 2025"
12.,Chandelure,Chandelure,7.,"4,106.",181.,82.,328.,80.,0.,5.,0.,15.86,"4,000.",0.,Ranged,Attacker,Novice,Special,C,B,"December 27, 2025"
12.,Chandelure,Chandelure,8.,"4,239.",188.,89.,369.,87.,0.,5.,0.,16.72,"4,000.",0.,Ranged,Attacker,Novice,Special,C,B,"December 27, 2025"
12.,Chandelure,Chandelure,9.,"4,399.",196.,97.,418.,96.,0.,15.,0.,17.75,"4,150.",0.,Ranged,Attacker,Novice,Special,C,B,"December 27, 2025"
12.,Chandelure,Chandelure,10.,"4,591.",206.,107.,477.,107.,0.,15.,0.,18.98,"4,150.",0.,Ranged,Attacker,Novice,Special,C,B,"December 27, 2025"
12.,Chandelure,Chandelure,11.,"4,821.",218.,119.,548.,120.,0.,15.,0.,20.46,"4,300.",0.,Ranged,Attacker,Novice,Special,C,B,"December 27, 2025"
12.,Chandelure,Chandelure,12.,"5,097.",232.,124.,633.,135.,0.,15.,0.,22.24,"4,300.",0.,Ranged,Attacker,Novice,Special,C,B,"December 27, 2025"
12.,Chandelure,Chandelure,13.,"5,428.",249.,152.,735.,153.,0.,25.,0.,24.37,"4,300.",0.,Ranged,Attacker,Novice,Special,C,B,"December 27, 2025"
12.,Chandelure,Chandelure,14.,"5,825.",269.,173.,857.,175.,0.,25.,0.,26.93,"4,300.",0.,Ranged,Attacker,Novice,Special,C,B,"December 27, 2025"
12.,Chandelure,Chandelure,15.,"6,300.",295.,200.,"1,005.",203.,0.,25.,0.,30.,"4,300.",0.,Ranged,Attacker,Novice,Special,C,B,"December 27, 2025"
13.,Charizard,Charizard,1.,"3,200.",161.,70.,20.,54.,0.,0.,0.,0.,"3,700.",0.,Melee,All-Rounder,Novice,Physical,C,B,"December 27, 2025"
13.,Charizard,Charizard,2.,"3,264.",165.,75.,21.,58.,0.,0.,0.,0.,"3,700.",0.,Melee,All-Rounder,Novice,Physical,C,B,"December 27, 2025"
13.,Charizard,Charizard,3.,"3,341.",170.,81.,23.,63.,0.,0.,0.,0.,"3,700.",0.,Melee,All-Rounder,Novice,Physical,C,B,"December 27, 2025"
13.,Charizard,Charizard,4.,"3,434.",176.,88.,25.,68.,0.,0.,0.,0.,"3,700.",0.,Melee,All-Rounder,Novice,Physical,C,B,"December 27, 2025"
13.,Charizard,Charizard,5.,"3,771.",199.,121.,32.,95.,15.,0.,5.,0.,"3,850.",0.,Melee,All-Rounder,Novice,Physical,C,B,"December 27, 2025"
13.,Charizard,Charizard,6.,"3,905.",208.,131.,35.,103.,15.,0.,5.,0.,"3,850.",0.,Melee,All-Rounder,Novice,Physical,C,B,"December 27, 2025"
13.,Charizard,Charizard,7.,"4,516.",249.,168.,48.,132.,15.,0.,5.,0.,"4,000.",0.,Melee,All-Rounder,Novice,Physical,C,B,"December 27, 2025"
13.,Charizard,Charizard,8.,"4,709.",262.,182.,52.,143.,15.,0.,5.,0.,"4,000.",0.,Melee,All-Rounder,Novice,Physical,C,B,"December 27, 2025"
13.,Charizard,Charizard,9.,"4,941.",277.,199.,57.,157.,30.,0.,10.,0.,"4,150.",0.,Melee,All-Rounder,Novice,Physical,C,B,"December 27, 2025"
13.,Charizard,Charizard,10.,"5,219.",296.,219.,63.,173.,30.,0.,10.,0.,"4,150.",0.,Melee,All-Rounder,Novice,Physical,C,B,"December 27, 2025"
13.,Charizard,Charizard,11.,"5,553.",318.,243.,70.,193.,30.,0.,10.,0.,"4,300.",0.,Melee,All-Rounder,Novice,Physical,C,B,"December 27, 2025"
13.,Charizard,Charizard,12.,"5,953.",345.,272.,78.,217.,30.,0.,10.,0.,"4,300.",0.,Melee,All-Rounder,Novice,Physical,C,B,"December 27, 2025"
13.,Charizard,Charizard,13.,"6,433.",377.,307.,88.,245.,30.,0.,15.,0.,"4,300.",0.,Melee,All-Rounder,Novice,Physical,C,B,"December 27, 2025"
13.,Charizard,Charizard,14.,"7,009.",416.,349.,100.,279.,30.,0.,15.,0.,"4,300.",0.,Melee,All-Rounder,Novice,Physical,C,B,"December 27, 2025"
13.,Charizard,Charizard,15.,"7,700.",462.,400.,115.,320.,30.,0.,15.,0.,"4,300.",0.,Melee,All-Rounder,Novice,Physical,C,B,"December 27, 2025"
14.,Mega-Charizard-X,Mega Charizard X,1.,"3,200.",161.,70.,20.,54.,0.,0.,0.,0.,"3,700.",0.,Melee,All-Rounder,Novice,Physical,B+,A,"December 27, 2025"
14.,Mega-Charizard-X,Mega Charizard X,2.,"3,264.",165.,75.,21.,58.,0.,0.,0.,0.,"3,700.",0.,Melee,All-Rounder,Novice,Physical,B+,A,"December 27, 2025"
14.,Mega-Charizard-X,Mega Charizard X,3.,"3,341.",170.,81.,23.,63.,0.,0.,0.,0.,"3,700.",0.,Melee,All-Rounder,Novice,Physical,B+,A,"December 27, 2025"
14.,Mega-Charizard-X,Mega Charizard X,4.,"3,434.",176.,88.,25.,68.,0.,0.,0.,0.,"3,700.",0.,Melee,All-Rounder,Novice,Physical,B+,A,"December 27, 2025"
14.,Mega-Charizard-X,Mega Charizard X,5.,"3,771.",199.,121.,32.,95.,15.,0.,5.,0.,"3,850.",0.,Melee,All-Rounder,Novice,Physical,B+,A,"December 27, 2025"
14.,Mega-Charizard-X,Mega Charizard X,6.,"3,905.",208.,131.,35.,103.,15.,0.,5.,0.,"3,850.",0.,Melee,All-Rounder,Novice,Physical,B+,A,"December 27, 2025"
14.,Mega-Charizard-X,Mega Charizard X,7.,"4,516.",249.,168.,48.,132.,15.,0.,5.,0.,"4,000.",0.,Melee,All-Rounder,Novice,Physical,B+,A,"December 27, 2025"
14.,Mega-Charizard-X,Mega Charizard X,8.,"4,709.",262.,182.,52.,143.,15.,0.,5.,0.,"4,000.",0.,Melee,All-Rounder,Novice,Physical,B+,A,"December 27, 2025"
14.,Mega-Charizard-X,Mega Charizard X,9.,"4,941.",277.,199.,57.,157.,30.,0.,10.,0.,"4,150.",0.,Melee,All-Rounder,Novice,Physical,B+,A,"December 27, 2025"
14.,Mega-Charizard-X,Mega Charizard X,10.,"5,219.",296.,219.,63.,173.,30.,0.,10.,0.,"4,150.",0.,Melee,All-Rounder,Novice,Physical,B+,A,"December 27, 2025"
14.,Mega-Charizard-X,Mega Charizard X,11.,"5,553.",318.,243.,70.,193.,30.,0.,10.,0.,"4,300.",0.,Melee,All-Rounder,Novice,Physical,B+,A,"December 27, 2025"
14.,Mega-Charizard-X,Mega Charizard X,12.,"5,953.",345.,272.,78.,217.,30.,0.,10.,0.,"4,300.",0.,Melee,All-Rounder,Novice,Physical,B+,A,"December 27, 2025"
14.,Mega-Charizard-X,Mega Charizard X,13.,"6,433.",377.,307.,88.,245.,30.,0.,15.,0.,"4,300.",0.,Melee,All-Rounder,Novice,Physical,B+,A,"December 27, 2025"
14.,Mega-Charizard-X,Mega Charizard X,14.,"7,009.",416.,349.,100.,279.,30.,0.,15.,0.,"4,300.",0.,Melee,All-Rounder,Novice,Physical,B+,A,"December 27, 2025"
14.,Mega-Charizard-X,Mega Charizard X,15.,"7,700.",462.,400.,115.,320.,30.,0.,15.,0.,"4,300.",0.,Melee,All-Rounder,Novice,Physical,B+,A,"December 27, 2025"
15.,Mega-Charizard-Y,Mega Charizard Y,1.,"3,200.",161.,70.,20.,54.,0.,0.,0.,0.,"3,700.",0.,Melee,All-Rounder,Novice,Physical,A,A,"December 27, 2025"
15.,Mega-Charizard-Y,Mega Charizard Y,2.,"3,264.",165.,75.,21.,58.,0.,0.,0.,0.,"3,700.",0.,Melee,All-Rounder,Novice,Physical,A,A,"December 27, 2025"
15.,Mega-Charizard-Y,Mega Charizard Y,3.,"3,341.",170.,81.,23.,63.,0.,0.,0.,0.,"3,700.",0.,Melee,All-Rounder,Novice,Physical,A,A,"December 27, 2025"
15.,Mega-Charizard-Y,Mega Charizard Y,4.,"3,434.",176.,88.,25.,68.,0.,0.,0.,0.,"3,700.",0.,Melee,All-Rounder,Novice,Physical,A,A,"December 27, 2025"
15.,Mega-Charizard-Y,Mega Charizard Y,5.,"3,771.",199.,121.,32.,95.,15.,0.,5.,0.,"3,850.",0.,Melee,All-Rounder,Novice,Physical,A,A,"December 27, 2025"
15.,Mega-Charizard-Y,Mega Charizard Y,6.,"3,905.",208.,131.,35.,103.,15.,0.,5.,0.,"3,850.",0.,Melee,All-Rounder,Novice,Physical,A,A,"December 27, 2025"
15.,Mega-Charizard-Y,Mega Charizard Y,7.,"4,516.",249.,168.,48.,132.,15.,0.,5.,0.,"4,000.",0.,Melee,All-Rounder,Novice,Physical,A,A,"December 27, 2025"
15.,Mega-Charizard-Y,Mega Charizard Y,8.,"4,709.",262.,182.,52.,143.,15.,0.,5.,0.,"4,000.",0.,Melee,All-Rounder,Novice,Physical,A,A,"December 27, 2025"
15.,Mega-Charizard-Y,Mega Charizard Y,9.,"4,941.",277.,199.,57.,157.,30.,0.,10.,0.,"4,150.",0.,Melee,All-Rounder,Novice,Physical,A,A,"December 27, 2025"
15.,Mega-Charizard-Y,Mega Charizard Y,10.,"5,219.",296.,219.,63.,173.,30.,0.,10.,0.,"4,150.",0.,Melee,All-Rounder,Novice,Physical,A,A,"December 27, 2025"
15.,Mega-Charizard-Y,Mega Charizard Y,11.,"5,553.",318.,243.,70.,193.,30.,0.,10.,0.,"4,300.",0.,Melee,All-Rounder,Novice,Physical,A,A,"December 27, 2025"
15.,Mega-Charizard-Y,Mega Charizard Y,12.,"5,953.",345.,272.,78.,217.,30.,0.,10.,0.,"4,300.",0.,Melee,All-Rounder,Novice,Physical,A,A,"December 27, 2025"
15.,Mega-Charizard-Y,Mega Charizard Y,13.,"6,433.",377.,307.,88.,245.,30.,0.,15.,0.,"4,300.",0.,Melee,All-Rounder,Novice,Physical,A,A,"December 27, 2025"
15.,Mega-Charizard-Y,Mega Charizard Y,14.,"7,009.",416.,349.,100.,279.,30.,0.,15.,0.,"4,300.",0.,Melee,All-Rounder,Novice,Physical,A,A,"December 27, 2025"
15.,Mega-Charizard-Y,Mega Charizard Y,15.,"7,700.",462.,400.,115.,320.,30.,0.,15.,0.,"4,300.",0.,Melee,All-Rounder,Novice,Physical,A,A,"December 27, 2025"
16.,Cinderace,Cinderace,1.,"3,000.",135.,50.,20.,30.,0.,0.,0.,10.,"3,650.",0.,Ranged,Attacker,Novice,Physical,B+,A,"December 27, 2025"
16.,Cinderace,Cinderace,2.,"3,043.",140.,53.,21.,33.,0.,0.,0.,11.87,"3,650.",0.,Ranged,Attacker,Novice,Physical,B+,A,"December 27, 2025"
16.,Cinderace,Cinderace,3.,"3,095.",145.,57.,23.,36.,0.,0.,0.,14.11,"3,650.",0.,Ranged,Attacker,Novice,Physical,B+,A,"December 27, 2025"
16.,Cinderace,Cinderace,4.,"3,157.",151.,62.,25.,40.,0.,0.,0.,16.8,"3,650.",0.,Ranged,Attacker,Novice,Physical,B+,A,"December 27, 2025"
16.,Cinderace,Cinderace,5.,"3,382.",174.,78.,32.,55.,15.,0.,5.,26.53,"3,800.",0.,Ranged,Attacker,Novice,Physical,B+,A,"December 27, 2025"
16.,Cinderace,Cinderace,6.,"3,471.",183.,84.,35.,61.,15.,0.,5.,30.4,"3,800.",0.,Ranged,Attacker,Novice,Physical,B+,A,"December 27, 2025"
16.,Cinderace,Cinderace,7.,"3,878.",221.,114.,49.,88.,15.,0.,5.,48.04,"3,950.",0.,Ranged,Attacker,Novice,Physical,B+,A,"December 27, 2025"
16.,Cinderace,Cinderace,8.,"4,007.",233.,123.,53.,97.,15.,0.,5.,53.61,"3,950.",0.,Ranged,Attacker,Novice,Physical,B+,A,"December 27, 2025"
16.,Cinderace,Cinderace,9.,"4,161.",247.,134.,58.,107.,30.,0.,10.,60.3,"4,100.",0.,Ranged,Attacker,Novice,Physical,B+,A,"December 27, 2025"
16.,Cinderace,Cinderace,10.,"4,346.",264.,147.,64.,119.,30.,0.,10.,68.33,"4,100.",0.,Ranged,Attacker,Novice,Physical,B+,A,"December 27, 2025"
16.,Cinderace,Cinderace,11.,"4,568.",284.,163.,71.,134.,30.,0.,10.,77.96,"4,250.",0.,Ranged,Attacker,Novice,Physical,B+,A,"December 27, 2025"
16.,Cinderace,Cinderace,12.,"4,835.",309.,182.,80.,152.,30.,0.,10.,89.52,"4,250.",0.,Ranged,Attacker,Novice,Physical,B+,A,"December 27, 2025"
16.,Cinderace,Cinderace,13.,"5,155.",339.,206.,91.,175.,30.,0.,15.,103.39,"4,250.",0.,Ranged,Attacker,Novice,Physical,B+,A,"December 27, 2025"
16.,Cinderace,Cinderace,14.,"5,539.",375.,235.,104.,201.,30.,0.,15.,120.03,"4,250.",0.,Ranged,Attacker,Novice,Physical,B+,A,"December 27, 2025"
16.,Cinderace,Cinderace,15.,"6,000.",418.,268.,119.,232.,30.,0.,15.,140.,"4,250.",0.,Ranged,Attacker,Novice,Physical,B+,A,"December 27, 2025"
17.,Clefable,Clefable,1.,"3,300.",130.,40.,40.,30.,0.,0.,0.,10.,"3,700.",0.,Melee,Supporter,Novice,Special,B+,A,"December 27, 2025"
17.,Clefable,Clefable,2.,"3,427.",134.,46.,54.,37.,0.,0.,0.,10.22,"3,700.",0.,Melee,Supporter,Novice,Special,B+,A,"December 27, 2025"
17.,Clefable,Clefable,3.,"3,527.",138.,53.,70.,45.,0.,0.,0.,10.47,"3,700.",0.,Melee,Supporter,Novice,Special,B+,A,"December 27, 2025"
17.,Clefable,Clefable,4.,"4,309.",160.,87.,152.,84.,0.,0.,0.,11.76,"3,700.",0.,Melee,Supporter,Novice,Special,B+,A,"December 27, 2025"
17.,Clefable,Clefable,5.,"4,502.",166.,96.,173.,94.,0.,5.,0.,12.1,"3,850.",0.,Melee,Supporter,Novice,Special,B+,A,"December 27, 2025"
17.,Clefable,Clefable,6.,"4,723.",173.,106.,198.,106.,0.,5.,0.,12.49,"3,850.",0.,Melee,Supporter,Novice,Special,B+,A,"December 27, 2025"
17.,Clefable,Clefable,7.,"4,977.",181.,118.,226.,119.,0.,5.,0.,12.94,"4,000.",0.,Melee,Supporter,Novice,Special,B+,A,"December 27, 2025"
17.,Clefable,Clefable,8.,"5,270.",190.,131.,258.,134.,0.,5.,0.,13.45,"4,000.",0.,Melee,Supporter,Novice,Special,B+,A,"December 27, 2025"
17.,Clefable,Clefable,9.,"5,607.",200.,146.,295.,152.,0.,10.,0.,14.04,"4,150.",0.,Melee,Supporter,Novice,Special,B+,A,"December 27, 2025"
17.,Clefable,Clefable,10.,"5,994.",211.,164.,338.,172.,0.,10.,0.,14.72,"4,150.",0.,Melee,Supporter,Novice,Special,B+,A,"December 27, 2025"
17.,Clefable,Clefable,11.,"6,440.",224.,184.,387.,195.,0.,10.,0.,15.5,"4,300.",0.,Melee,Supporter,Novice,Special,B+,A,"December 27, 2025"
17.,Clefable,Clefable,12.,"6,953.",239.,207.,444.,222.,0.,10.,0.,16.4,"4,300.",0.,Melee,Supporter,Novice,Special,B+,A,"December 27, 2025"
17.,Clefable,Clefable,13.,"7,543.",257.,234.,509.,253.,0.,10.,0.,17.44,"4,300.",0.,Melee,Supporter,Novice,Special,B+,A,"December 27, 2025"
17.,Clefable,Clefable,14.,"8,221.",277.,265.,584.,289.,0.,10.,0.,18.63,"4,300.",0.,Melee,Supporter,Novice,Special,B+,A,"December 27, 2025"
17.,Clefable,Clefable,15.,"9,000.",300.,300.,670.,330.,0.,10.,0.,20.,"4,300.",0.,Melee,Supporter,Novice,Special,B+,A,"December 27, 2025"
18.,Comfey,Comfey,1.,"3,000.",120.,40.,50.,30.,0.,0.,0.,10.,"3,700.",0.,Ranged,Supporter,Novice,Special,C,D,"December 27, 2025"
18.,Comfey,Comfey,2.,"3,103.",126.,47.,71.,37.,0.,0.,0.,10.36,"3,700.",0.,Ranged,Supporter,Novice,Special,C,D,"December 27, 2025"
18.,Comfey,Comfey,3.,"3,217.",133.,55.,95.,44.,0.,0.,0.,10.75,"3,700.",0.,Ranged,Supporter,Novice,Special,C,D,"December 27, 2025"
18.,Comfey,Comfey,4.,"3,342.",140.,64.,121.,52.,0.,0.,0.,11.18,"3,700.",0.,Ranged,Supporter,Novice,Special,C,D,"December 27, 2025"
18.,Comfey,Comfey,5.,"3,479.",148.,74.,149.,61.,0.,5.,0.,11.65,"3,850.",0.,Ranged,Supporter,Novice,Special,C,D,"December 27, 2025"
18.,Comfey,Comfey,6.,"3,630.",157.,85.,180.,71.,0.,5.,0.,12.17,"3,850.",0.,Ranged,Supporter,Novice,Special,C,D,"December 27, 2025"
18.,Comfey,Comfey,7.,"3,796.",167.,97.,214.,82.,0.,5.,0.,12.74,"4,000.",0.,Ranged,Supporter,Novice,Special,C,D,"December 27, 2025"
18.,Comfey,Comfey,8.,"3,979.",178.,110.,252.,94.,0.,5.,0.,13.37,"4,000.",0.,Ranged,Supporter,Novice,Special,C,D,"December 27, 2025"
18.,Comfey,Comfey,9.,"4,181.",190.,125.,294.,107.,0.,10.,0.,14.07,"4,150.",0.,Ranged,Supporter,Novice,Special,C,D,"December 27, 2025"
18.,Comfey,Comfey,10.,"4,403.",203.,141.,340.,122.,0.,10.,0.,14.84,"4,150.",0.,Ranged,Supporter,Novice,Special,C,D,"December 27, 2025"
18.,Comfey,Comfey,11.,"4,648.",217.,159.,391.,138.,0.,10.,0.,15.68,"4,300.",0.,Ranged,Supporter,Novice,Special,C,D,"December 27, 2025"
18.,Comfey,Comfey,12.,"4,917.",233.,179.,447.,156.,0.,10.,0.,16.61,"4,300.",0.,Ranged,Supporter,Novice,Special,C,D,"December 27, 2025"
18.,Comfey,Comfey,13.,"5,214.",250.,200.,508.,175.,0.,10.,0.,17.63,"4,300.",0.,Ranged,Supporter,Novice,Special,C,D,"December 27, 2025"
18.,Comfey,Comfey,14.,"5,541.",269.,224.,576.,196.,0.,10.,0.,18.76,"4,300.",0.,Ranged,Supporter,Novice,Special,C,D,"December 27, 2025"
18.,Comfey,Comfey,15.,"5,900.",290.,250.,650.,220.,0.,10.,0.,20.,"4,300.",0.,Ranged,Supporter,Novice,Special,C,D,"December 27, 2025"
19.,Cramorant,Cramorant,1.,"3,292.",134.,60.,50.,40.,0.,0.,0.,10.,"3,700.",0.,Ranged,Attacker,Expert,Special,C,B,"December 27, 2025"
19.,Cramorant,Cramorant,2.,"3,399.",139.,69.,75.,46.,0.,0.,0.,11.78,"3,700.",0.,Ranged,Attacker,Expert,Special,C,B,"December 27, 2025"
19.,Cramorant,Cramorant,3.,"3,517.",145.,78.,102.,52.,0.,0.,0.,13.74,"3,700.",0.,Ranged,Attacker,Expert,Special,C,B,"December 27, 2025"
19.,Cramorant,Cramorant,4.,"3,647.",151.,88.,132.,59.,0.,0.,0.,15.89,"3,700.",0.,Ranged,Attacker,Expert,Special,C,B,"December 27, 2025"
19.,Cramorant,Cramorant,5.,"3,789.",158.,99.,165.,67.,0.,5.,0.,18.25,"3,850.",0.,Ranged,Attacker,Expert,Special,C,B,"December 27, 2025"
19.,Cramorant,Cramorant,6.,"3,946.",166.,112.,201.,75.,0.,5.,0.,20.86,"3,850.",0.,Ranged,Attacker,Expert,Special,C,B,"December 27, 2025"
19.,Cramorant,Cramorant,7.,"4,118.",175.,126.,240.,84.,0.,5.,0.,23.72,"4,000.",0.,Ranged,Attacker,Expert,Special,C,B,"December 27, 2025"
19.,Cramorant,Cramorant,8.,"4,308.",185.,141.,283.,94.,0.,5.,0.,26.88,"4,000.",0.,Ranged,Attacker,Expert,Special,C,B,"December 27, 2025"
19.,Cramorant,Cramorant,9.,"4,517.",196.,158.,331.,105.,0.,15.,0.,30.36,"4,150.",0.,Ranged,Attacker,Expert,Special,C,B,"December 27, 2025"
19.,Cramorant,Cramorant,10.,"4,748.",208.,176.,384.,117.,0.,15.,0.,34.19,"4,150.",0.,Ranged,Attacker,Expert,Special,C,B,"December 27, 2025"
19.,Cramorant,Cramorant,11.,"5,002.",221.,196.,442.,131.,0.,15.,0.,38.41,"4,300.",0.,Ranged,Attacker,Expert,Special,C,B,"December 27, 2025"
19.,Cramorant,Cramorant,12.,"5,281.",235.,218.,506.,146.,0.,15.,0.,43.05,"4,300.",0.,Ranged,Attacker,Expert,Special,C,B,"December 27, 2025"
19.,Cramorant,Cramorant,13.,"5,589.",250.,243.,576.,162.,0.,25.,0.,48.16,"4,300.",0.,Ranged,Attacker,Expert,Special,C,B,"December 27, 2025"
19.,Cramorant,Cramorant,14.,"5,928.",267.,270.,654.,180.,0.,25.,0.,53.79,"4,300.",0.,Ranged,Attacker,Expert,Special,C,B,"December 27, 2025"
19.,Cramorant,Cramorant,15.,"6,301.",286.,300.,739.,200.,0.,25.,0.,60.,"4,300.",0.,Ranged,Attacker,Expert,Special,C,B,"December 27, 2025"
20.,Crustle,Crustle,1.,"3,300.",175.,97.,20.,67.,0.,0.,0.,10.,"3,600.",0.,Melee,Defender,Intermediate,Physical,A,B,"December 27, 2025"
20.,Crustle,Crustle,2.,"3,447.",179.,109.,22.,76.,0.,0.,0.,10.44,"3,600.",0.,Melee,Defender,Intermediate,Physical,A,B,"December 27, 2025"
20.,Crustle,Crustle,3.,"3,615.",183.,123.,24.,86.,0.,0.,0.,10.95,"3,600.",0.,Melee,Defender,Intermediate,Physical,A,B,"December 27, 2025"
20.,Crustle,Crustle,4.,"4,469.",205.,193.,36.,137.,0.,0.,0.,13.54,"3,600.",0.,Melee,Defender,Intermediate,Physical,A,B,"December 27, 2025"
20.,Crustle,Crustle,5.,"4,692.",211.,211.,39.,150.,0.,5.,0.,14.22,"3,750.",0.,Melee,Defender,Intermediate,Physical,A,B,"December 27, 2025"
20.,Crustle,Crustle,6.,"4,948.",218.,232.,43.,165.,0.,5.,0.,15.,"3,750.",0.,Melee,Defender,Intermediate,Physical,A,B,"December 27, 2025"
20.,Crustle,Crustle,7.,"5,242.",226.,256.,47.,182.,0.,5.,0.,15.89,"3,900.",0.,Melee,Defender,Intermediate,Physical,A,B,"December 27, 2025"
20.,Crustle,Crustle,8.,"5,581.",235.,284.,52.,202.,0.,5.,0.,16.92,"3,900.",0.,Melee,Defender,Intermediate,Physical,A,B,"December 27, 2025"
20.,Crustle,Crustle,9.,"5,971.",245.,316.,58.,225.,0.,10.,0.,18.1,"4,050.",0.,Melee,Defender,Intermediate,Physical,A,B,"December 27, 2025"
20.,Crustle,Crustle,10.,"6,420.",256.,353.,65.,252.,0.,10.,0.,19.46,"4,050.",0.,Melee,Defender,Intermediate,Physical,A,B,"December 27, 2025"
20.,Crustle,Crustle,11.,"6,936.",269.,396.,73.,283.,0.,10.,0.,21.02,"4,200.",0.,Melee,Defender,Intermediate,Physical,A,B,"December 27, 2025"
20.,Crustle,Crustle,12.,"7,530.",284.,445.,82.,318.,0.,10.,0.,22.82,"4,200.",0.,Melee,Defender,Intermediate,Physical,A,B,"December 27, 2025"
20.,Crustle,Crustle,13.,"8,213.",301.,501.,92.,359.,0.,10.,0.,24.89,"4,200.",0.,Melee,Defender,Intermediate,Physical,A,B,"December 27, 2025"
20.,Crustle,Crustle,14.,"8,998.",321.,566.,103.,406.,0.,10.,0.,27.27,"4,200.",0.,Melee,Defender,Intermediate,Physical,A,B,"December 27, 2025"
20.,Crustle,Crustle,15.,"9,900.",344.,640.,116.,460.,0.,10.,0.,30.,"4,200.",0.,Melee,Defender,Intermediate,Physical,A,B,"December 27, 2025"
21.,Darkrai,Darkrai,1.,"3,600.",160.,80.,90.,60.,0.,0.,0.,10.,"3,800.",0.,Melee,Speedster,Expert,Special,A+,A,"December 27, 2025"
21.,Darkrai,Darkrai,2.,"3,739.",167.,90.,112.,67.,0.,0.,0.,10.71,"3,800.",0.,Melee,Speedster,Expert,Special,A+,A,"December 27, 2025"
21.,Darkrai,Darkrai,3.,"3,892.",175.,101.,137.,75.,0.,0.,0.,11.49,"3,800.",0.,Melee,Speedster,Expert,Special,A+,A,"December 27, 2025"
21.,Darkrai,Darkrai,4.,"4,060.",184.,113.,164.,84.,0.,0.,0.,12.35,"3,800.",0.,Melee,Speedster,Expert,Special,A+,A,"December 27, 2025"
21.,Darkrai,Darkrai,5.,"4,244.",193.,126.,194.,93.,0.,10.,0.,13.3,"3,950.",0.,Melee,Speedster,Expert,Special,A+,A,"December 27, 2025"
21.,Darkrai,Darkrai,6.,"4,447.",203.,140.,227.,103.,0.,10.,0.,14.34,"3,950.",0.,Melee,Speedster,Expert,Special,A+,A,"December 27, 2025"
21.,Darkrai,Darkrai,7.,"4,670.",214.,155.,263.,114.,0.,10.,0.,15.49,"4,100.",0.,Melee,Speedster,Expert,Special,A+,A,"December 27, 2025"
21.,Darkrai,Darkrai,8.,"4,916.",227.,172.,303.,127.,0.,10.,0.,16.75,"4,100.",0.,Melee,Speedster,Expert,Special,A+,A,"December 27, 2025"
21.,Darkrai,Darkrai,9.,"5,187.",241.,191.,347.,141.,0.,20.,0.,18.14,"4,250.",0.,Melee,Speedster,Expert,Special,A+,A,"December 27, 2025"
21.,Darkrai,Darkrai,10.,"5,486.",256.,212.,395.,156.,0.,20.,0.,19.67,"4,250.",0.,Melee,Speedster,Expert,Special,A+,A,"December 27, 2025"
21.,Darkrai,Darkrai,11.,"5,816.",273.,235.,448.,173.,0.,20.,0.,21.36,"4,400.",0.,Melee,Speedster,Expert,Special,A+,A,"December 27, 2025"
21.,Darkrai,Darkrai,12.,"6,178.",292.,260.,507.,192.,0.,20.,0.,23.22,"4,400.",0.,Melee,Speedster,Expert,Special,A+,A,"December 27, 2025"
21.,Darkrai,Darkrai,13.,"6,577.",312.,287.,571.,212.,0.,20.,0.,25.27,"4,400.",0.,Melee,Speedster,Expert,Special,A+,A,"December 27, 2025"
21.,Darkrai,Darkrai,14.,"7,016.",335.,317.,642.,235.,0.,20.,0.,27.52,"4,400.",0.,Melee,Speedster,Expert,Special,A+,A,"December 27, 2025"
21.,Darkrai,Darkrai,15.,"7,500.",360.,350.,720.,260.,0.,20.,0.,30.,"4,400.",0.,Melee,Speedster,Expert,Special,A+,A,"December 27, 2025"
22.,Decidueye,Decidueye,1.,"3,200.",125.,50.,20.,76.,0.,0.,0.,10.,"3,600.",0.,Ranged,Attacker,Intermediate,Physical,A,B,"December 27, 2025"
22.,Decidueye,Decidueye,2.,"3,240.",130.,53.,22.,80.,0.,0.,0.,11.57,"3,600.",0.,Ranged,Attacker,Intermediate,Physical,A,B,"December 27, 2025"
22.,Decidueye,Decidueye,3.,"3,288.",135.,57.,24.,84.,0.,0.,0.,13.46,"3,600.",0.,Ranged,Attacker,Intermediate,Physical,A,B,"December 27, 2025"
22.,Decidueye,Decidueye,4.,"3,346.",142.,62.,27.,89.,0.,0.,0.,15.73,"3,600.",0.,Ranged,Attacker,Intermediate,Physical,A,B,"December 27, 2025"
22.,Decidueye,Decidueye,5.,"3,556.",166.,78.,37.,108.,15.,0.,5.,23.96,"3,750.",0.,Ranged,Attacker,Intermediate,Physical,A,B,"December 27, 2025"
22.,Decidueye,Decidueye,6.,"3,639.",176.,85.,41.,116.,15.,0.,5.,27.24,"3,750.",0.,Ranged,Attacker,Intermediate,Physical,A,B,"December 27, 2025"
22.,Decidueye,Decidueye,7.,"4,019.",220.,115.,58.,150.,15.,0.,10.,42.17,"3,900.",0.,Ranged,Attacker,Intermediate,Physical,A,B,"December 27, 2025"
22.,Decidueye,Decidueye,8.,"4,139.",234.,124.,64.,161.,15.,0.,10.,46.89,"3,900.",0.,Ranged,Attacker,Intermediate,Physical,A,B,"December 27, 2025"
22.,Decidueye,Decidueye,9.,"4,283.",251.,135.,71.,174.,30.,0.,15.,52.55,"4,050.",0.,Ranged,Attacker,Intermediate,Physical,A,B,"December 27, 2025"
22.,Decidueye,Decidueye,10.,"4,456.",271.,149.,79.,190.,30.,0.,15.,59.34,"4,050.",0.,Ranged,Attacker,Intermediate,Physical,A,B,"December 27, 2025"
22.,Decidueye,Decidueye,11.,"4,664.",295.,165.,89.,209.,30.,0.,20.,67.5,"4,200.",0.,Ranged,Attacker,Intermediate,Physical,A,B,"December 27, 2025"
22.,Decidueye,Decidueye,12.,"4,913.",324.,185.,100.,231.,30.,0.,20.,77.28,"4,200.",0.,Ranged,Attacker,Intermediate,Physical,A,B,"December 27, 2025"
22.,Decidueye,Decidueye,13.,"5,211.",358.,208.,114.,258.,30.,0.,25.,89.02,"4,200.",0.,Ranged,Attacker,Intermediate,Physical,A,B,"December 27, 2025"
22.,Decidueye,Decidueye,14.,"5,570.",400.,236.,130.,291.,30.,0.,25.,103.1,"4,200.",0.,Ranged,Attacker,Intermediate,Physical,A,B,"December 27, 2025"
22.,Decidueye,Decidueye,15.,"6,000.",450.,270.,150.,330.,30.,0.,25.,120.,"4,200.",0.,Ranged,Attacker,Intermediate,Physical,A,B,"December 27, 2025"
23.,Delphox,Delphox,1.,"3,300.",134.,35.,80.,27.,0.,0.,0.,10.,"3,700.",0.,Ranged,Attacker,Intermediate,Special,C,B,"December 27, 2025"
23.,Delphox,Delphox,2.,"3,343.",136.,37.,92.,30.,0.,0.,0.,10.21,"3,700.",0.,Ranged,Attacker,Intermediate,Special,C,B,"December 27, 2025"
23.,Delphox,Delphox,3.,"3,394.",139.,39.,107.,33.,0.,0.,0.,10.47,"3,700.",0.,Ranged,Attacker,Intermediate,Special,C,B,"December 27, 2025"
23.,Delphox,Delphox,4.,"3,605.",150.,49.,168.,47.,0.,0.,0.,11.53,"3,700.",0.,Ranged,Attacker,Intermediate,Special,C,B,"December 27, 2025"
23.,Delphox,Delphox,5.,"3,679.",154.,52.,190.,52.,0.,5.,0.,11.9,"3,850.",0.,Ranged,Attacker,Intermediate,Special,C,B,"December 27, 2025"
23.,Delphox,Delphox,6.,"4,067.",174.,70.,303.,78.,0.,5.,0.,13.85,"3,850.",0.,Ranged,Attacker,Intermediate,Special,C,B,"December 27, 2025"
23.,Delphox,Delphox,7.,"4,174.",180.,75.,334.,85.,0.,5.,0.,14.39,"4,000.",0.,Ranged,Attacker,Intermediate,Special,C,B,"December 27, 2025"
23.,Delphox,Delphox,8.,"4,302.",187.,81.,371.,93.,0.,5.,0.,15.03,"4,000.",0.,Ranged,Attacker,Intermediate,Special,C,B,"December 27, 2025"
23.,Delphox,Delphox,9.,"4,456.",195.,88.,416.,103.,0.,15.,0.,15.8,"4,150.",0.,Ranged,Attacker,Intermediate,Special,C,B,"December 27, 2025"
23.,Delphox,Delphox,10.,"4,641.",205.,97.,470.,115.,0.,15.,0.,16.73,"4,150.",0.,Ranged,Attacker,Intermediate,Special,C,B,"December 27, 2025"
23.,Delphox,Delphox,11.,"4,863.",217.,107.,535.,130.,0.,15.,0.,17.84,"4,300.",0.,Ranged,Attacker,Intermediate,Special,C,B,"December 27, 2025"
23.,Delphox,Delphox,12.,"5,129.",231.,119.,612.,148.,0.,15.,0.,19.17,"4,300.",0.,Ranged,Attacker,Intermediate,Special,C,B,"December 27, 2025"
23.,Delphox,Delphox,13.,"5,448.",248.,134.,705.,169.,0.,25.,0.,20.77,"4,300.",0.,Ranged,Attacker,Intermediate,Special,C,B,"December 27, 2025"
23.,Delphox,Delphox,14.,"5,831.",268.,152.,816.,194.,0.,25.,0.,22.69,"4,300.",0.,Ranged,Attacker,Intermediate,Special,C,B,"December 27, 2025"
23.,Delphox,Delphox,15.,"6,290.",292.,175.,950.,225.,0.,25.,0.,24.99,"4,300.",0.,Ranged,Attacker,Intermediate,Special,C,B,"December 27, 2025"
24.,Dhelmise,Dhelmise,1.,"3,250.",165.,90.,20.,70.,0.,0.,0.,10.,"3,700.",0.,Melee,All-Rounder,Intermediate,Physical,B,A,"December 27, 2025"
24.,Dhelmise,Dhelmise,2.,"3,448.",176.,106.,23.,82.,0.,0.,0.,10.71,"3,700.",0.,Melee,All-Rounder,Intermediate,Physical,B,A,"December 27, 2025"
24.,Dhelmise,Dhelmise,3.,"3,665.",188.,124.,27.,95.,0.,0.,0.,11.49,"3,700.",0.,Melee,All-Rounder,Intermediate,Physical,B,A,"December 27, 2025"
24.,Dhelmise,Dhelmise,4.,"3,904.",202.,143.,31.,110.,0.,0.,0.,12.35,"3,700.",0.,Melee,All-Rounder,Intermediate,Physical,B,A,"December 27, 2025"
24.,Dhelmise,Dhelmise,5.,"4,166.",217.,164.,35.,126.,10.,0.,5.,13.3,"3,850.",0.,Melee,All-Rounder,Intermediate,Physical,B,A,"December 27, 2025"
24.,Dhelmise,Dhelmise,6.,"4,455.",233.,187.,40.,144.,10.,0.,5.,14.34,"3,850.",0.,Melee,All-Rounder,Intermediate,Physical,B,A,"December 27, 2025"
24.,Dhelmise,Dhelmise,7.,"4,773.",251.,213.,45.,163.,10.,0.,5.,15.49,"4,000.",0.,Melee,All-Rounder,Intermediate,Physical,B,A,"December 27, 2025"
24.,Dhelmise,Dhelmise,8.,"5,123.",271.,241.,51.,184.,10.,0.,5.,16.75,"4,000.",0.,Melee,All-Rounder,Intermediate,Physical,B,A,"December 27, 2025"
24.,Dhelmise,Dhelmise,9.,"5,509.",293.,272.,58.,208.,20.,0.,10.,18.14,"4,150.",0.,Melee,All-Rounder,Intermediate,Physical,B,A,"December 27, 2025"
24.,Dhelmise,Dhelmise,10.,"5,935.",317.,307.,65.,234.,20.,0.,10.,19.67,"4,150.",0.,Melee,All-Rounder,Intermediate,Physical,B,A,"December 27, 2025"
24.,Dhelmise,Dhelmise,11.,"6,404.",344.,345.,73.,263.,20.,0.,10.,21.36,"4,300.",0.,Melee,All-Rounder,Intermediate,Physical,B,A,"December 27, 2025"
24.,Dhelmise,Dhelmise,12.,"6,919.",373.,387.,82.,295.,20.,0.,10.,23.22,"4,300.",0.,Melee,All-Rounder,Intermediate,Physical,B,A,"December 27, 2025"
24.,Dhelmise,Dhelmise,13.,"7,487.",405.,433.,92.,330.,20.,0.,15.,25.27,"4,300.",0.,Melee,All-Rounder,Intermediate,Physical,B,A,"December 27, 2025"
24.,Dhelmise,Dhelmise,14.,"8,112.",441.,484.,103.,368.,20.,0.,15.,27.52,"4,300.",0.,Melee,All-Rounder,Intermediate,Physical,B,A,"December 27, 2025"
24.,Dhelmise,Dhelmise,15.,"8,800.",480.,540.,115.,410.,20.,0.,15.,30.,"4,300.",0.,Melee,All-Rounder,Intermediate,Physical,B,A,"December 27, 2025"
25.,Dodrio,Dodrio,1.,"3,050.",150.,45.,20.,35.,0.,0.,0.,10.,"3,700.",0.,Melee,Speedster,Expert,Physical,A+,A,"December 27, 2025"
25.,Dodrio,Dodrio,2.,"3,122.",161.,51.,22.,39.,0.,0.,0.,10.44,"3,700.",0.,Melee,Speedster,Expert,Physical,A+,A,"December 27, 2025"
25.,Dodrio,Dodrio,3.,"3,205.",173.,57.,24.,43.,0.,0.,0.,10.95,"3,700.",0.,Melee,Speedster,Expert,Physical,A+,A,"December 27, 2025"
25.,Dodrio,Dodrio,4.,"3,300.",187.,64.,26.,48.,0.,0.,0.,11.54,"3,700.",0.,Melee,Speedster,Expert,Physical,A+,A,"December 27, 2025"
25.,Dodrio,Dodrio,5.,"3,735.",251.,98.,40.,70.,5.,0.,0.,14.22,"3,850.",0.,Melee,Speedster,Expert,Physical,A+,A,"December 27, 2025"
25.,Dodrio,Dodrio,6.,"3,861.",269.,108.,44.,76.,5.,0.,0.,15.,"3,850.",0.,Melee,Speedster,Expert,Physical,A+,A,"December 27, 2025"
25.,Dodrio,Dodrio,7.,"4,006.",290.,119.,48.,83.,5.,0.,0.,15.89,"4,000.",0.,Melee,Speedster,Expert,Physical,A+,A,"December 27, 2025"
25.,Dodrio,Dodrio,8.,"4,173.",314.,132.,53.,91.,5.,0.,0.,16.92,"4,000.",0.,Melee,Speedster,Expert,Physical,A+,A,"December 27, 2025"
25.,Dodrio,Dodrio,9.,"4,365.",342.,147.,59.,101.,10.,0.,0.,18.1,"4,150.",0.,Melee,Speedster,Expert,Physical,A+,A,"December 27, 2025"
25.,Dodrio,Dodrio,10.,"4,586.",374.,164.,66.,112.,10.,0.,0.,19.46,"4,150.",0.,Melee,Speedster,Expert,Physical,A+,A,"December 27, 2025"
25.,Dodrio,Dodrio,11.,"4,840.",411.,184.,74.,125.,10.,0.,0.,21.02,"4,300.",0.,Melee,Speedster,Expert,Physical,A+,A,"December 27, 2025"
25.,Dodrio,Dodrio,12.,"5,133.",454.,207.,83.,140.,10.,0.,0.,22.82,"4,300.",0.,Melee,Speedster,Expert,Physical,A+,A,"December 27, 2025"
25.,Dodrio,Dodrio,13.,"5,469.",503.,233.,93.,157.,10.,0.,0.,24.89,"4,300.",0.,Melee,Speedster,Expert,Physical,A+,A,"December 27, 2025"
25.,Dodrio,Dodrio,14.,"5,856.",560.,263.,105.,177.,10.,0.,0.,27.27,"4,300.",0.,Melee,Speedster,Expert,Physical,A+,A,"December 27, 2025"
25.,Dodrio,Dodrio,15.,"6,300.",625.,298.,118.,200.,10.,0.,0.,30.,"4,300.",0.,Melee,Speedster,Expert,Physical,A+,A,"December 27, 2025"
26.,Dragapult,Dragapult,1.,"3,000.",140.,50.,20.,40.,0.,0.,0.,10.,"3,650.",0.,Ranged,Attacker,Intermediate,Physical,B+,A,"December 27, 2025"
26.,Dragapult,Dragapult,2.,"3,043.",145.,53.,21.,42.,0.,0.,0.,11.01,"3,650.",0.,Ranged,Attacker,Intermediate,Physical,B+,A,"December 27, 2025"
26.,Dragapult,Dragapult,3.,"3,095.",151.,56.,23.,44.,0.,0.,0.,12.22,"3,650.",0.,Ranged,Attacker,Intermediate,Physical,B+,A,"December 27, 2025"
26.,Dragapult,Dragapult,4.,"3,157.",158.,60.,25.,46.,0.,0.,0.,13.67,"3,650.",0.,Ranged,Attacker,Intermediate,Physical,B+,A,"December 27, 2025"
26.,Dragapult,Dragapult,5.,"3,382.",185.,74.,32.,55.,10.,0.,5.,18.91,"3,800.",0.,Ranged,Attacker,Intermediate,Physical,B+,A,"December 27, 2025"
26.,Dragapult,Dragapult,6.,"3,471.",196.,80.,35.,59.,10.,0.,5.,20.99,"3,800.",0.,Ranged,Attacker,Intermediate,Physical,B+,A,"December 27, 2025"
26.,Dragapult,Dragapult,7.,"3,578.",209.,87.,38.,63.,10.,0.,5.,23.49,"3,950.",0.,Ranged,Attacker,Intermediate,Physical,B+,A,"December 27, 2025"
26.,Dragapult,Dragapult,8.,"3,707.",224.,95.,42.,68.,10.,0.,5.,26.49,"3,950.",0.,Ranged,Attacker,Intermediate,Physical,B+,A,"December 27, 2025"
26.,Dragapult,Dragapult,9.,"4,161.",279.,124.,56.,86.,25.,0.,10.,37.09,"4,100.",0.,Ranged,Attacker,Intermediate,Physical,B+,A,"December 27, 2025"
26.,Dragapult,Dragapult,10.,"4,346.",301.,136.,62.,93.,25.,0.,10.,41.41,"4,100.",0.,Ranged,Attacker,Intermediate,Physical,B+,A,"December 27, 2025"
26.,Dragapult,Dragapult,11.,"4,568.",328.,150.,69.,102.,25.,0.,10.,46.6,"4,250.",0.,Ranged,Attacker,Intermediate,Physical,B+,A,"December 27, 2025"
26.,Dragapult,Dragapult,12.,"4,835.",360.,167.,77.,113.,25.,0.,10.,52.82,"4,250.",0.,Ranged,Attacker,Intermediate,Physical,B+,A,"December 27, 2025"
26.,Dragapult,Dragapult,13.,"5,155.",399.,187.,87.,126.,25.,0.,15.,60.29,"4,250.",0.,Ranged,Attacker,Intermediate,Physical,B+,A,"December 27, 2025"
26.,Dragapult,Dragapult,14.,"5,539.",445.,211.,99.,141.,25.,0.,15.,69.25,"4,250.",0.,Ranged,Attacker,Intermediate,Physical,B+,A,"December 27, 2025"
26.,Dragapult,Dragapult,15.,"6,000.",500.,240.,114.,160.,25.,0.,15.,80.,"4,250.",0.,Ranged,Attacker,Intermediate,Physical,B+,A,"December 27, 2025"
27.,Dragonite,Dragonite,1.,"3,050.",165.,78.,20.,60.,0.,0.,0.,10.,"3,700.",0.,Ranged,All-Rounder,Intermediate,Physical,C,B,"December 27, 2025"
27.,Dragonite,Dragonite,2.,"3,117.",170.,84.,21.,64.,0.,0.,0.,10.57,"3,700.",0.,Ranged,All-Rounder,Intermediate,Physical,C,B,"December 27, 2025"
27.,Dragonite,Dragonite,3.,"3,198.",177.,91.,23.,69.,0.,0.,0.,11.26,"3,700.",0.,Ranged,All-Rounder,Intermediate,Physical,C,B,"December 27, 2025"
27.,Dragonite,Dragonite,4.,"3,295.",185.,99.,25.,75.,0.,0.,0.,12.08,"3,700.",0.,Ranged,All-Rounder,Intermediate,Physical,C,B,"December 27, 2025"
27.,Dragonite,Dragonite,5.,"3,647.",214.,128.,32.,97.,10.,0.,5.,15.07,"3,850.",0.,Ranged,All-Rounder,Intermediate,Physical,C,B,"December 27, 2025"
27.,Dragonite,Dragonite,6.,"3,787.",225.,140.,35.,106.,10.,0.,5.,16.26,"3,850.",0.,Ranged,All-Rounder,Intermediate,Physical,C,B,"December 27, 2025"
27.,Dragonite,Dragonite,7.,"3,955.",239.,154.,38.,117.,10.,0.,5.,17.69,"4,000.",0.,Ranged,All-Rounder,Intermediate,Physical,C,B,"December 27, 2025"
27.,Dragonite,Dragonite,8.,"4,627.",294.,209.,52.,160.,10.,0.,5.,23.41,"4,000.",0.,Ranged,All-Rounder,Intermediate,Physical,C,B,"December 27, 2025"
27.,Dragonite,Dragonite,9.,"4,869.",314.,229.,57.,175.,20.,0.,10.,25.47,"4,150.",0.,Ranged,All-Rounder,Intermediate,Physical,C,B,"December 27, 2025"
27.,Dragonite,Dragonite,10.,"5,159.",338.,253.,63.,194.,20.,0.,10.,27.94,"4,150.",0.,Ranged,All-Rounder,Intermediate,Physical,C,B,"December 27, 2025"
27.,Dragonite,Dragonite,11.,"5,507.",367.,282.,70.,216.,20.,0.,10.,30.91,"4,300.",0.,Ranged,All-Rounder,Intermediate,Physical,C,B,"December 27, 2025"
27.,Dragonite,Dragonite,12.,"5,925.",401.,316.,78.,243.,20.,0.,10.,34.47,"4,300.",0.,Ranged,All-Rounder,Intermediate,Physical,C,B,"December 27, 2025"
27.,Dragonite,Dragonite,13.,"6,426.",442.,357.,88.,275.,20.,0.,15.,38.74,"4,300.",0.,Ranged,All-Rounder,Intermediate,Physical,C,B,"December 27, 2025"
27.,Dragonite,Dragonite,14.,"7,028.",491.,406.,100.,314.,20.,0.,15.,43.86,"4,300.",0.,Ranged,All-Rounder,Intermediate,Physical,C,B,"December 27, 2025"
27.,Dragonite,Dragonite,15.,"7,750.",550.,465.,115.,360.,20.,0.,15.,50.,"4,300.",0.,Ranged,All-Rounder,Intermediate,Physical,C,B,"December 27, 2025"
28.,Duraludon,Duraludon,1.,"3,200.",135.,70.,20.,50.,0.,0.,0.,10.,"3,650.",0.,Ranged,Attacker,Intermediate,Physical,B+,B,"December 27, 2025"
28.,Duraludon,Duraludon,2.,"3,300.",148.,78.,24.,55.,0.,0.,0.,13.14,"3,650.",0.,Ranged,Attacker,Intermediate,Physical,B+,B,"December 27, 2025"
28.,Duraludon,Duraludon,3.,"3,410.",162.,87.,28.,61.,0.,0.,0.,16.59,"3,650.",0.,Ranged,Attacker,Intermediate,Physical,B+,B,"December 27, 2025"
28.,Duraludon,Duraludon,4.,"3,531.",178.,97.,32.,67.,0.,0.,0.,20.39,"3,650.",0.,Ranged,Attacker,Intermediate,Physical,B+,B,"December 27, 2025"
28.,Duraludon,Duraludon,5.,"3,664.",195.,108.,37.,74.,10.,0.,5.,24.57,"3,800.",0.,Ranged,Attacker,Intermediate,Physical,B+,B,"December 27, 2025"
28.,Duraludon,Duraludon,6.,"3,811.",214.,120.,42.,82.,10.,0.,5.,29.16,"3,800.",0.,Ranged,Attacker,Intermediate,Physical,B+,B,"December 27, 2025"
28.,Duraludon,Duraludon,7.,"3,972.",235.,133.,48.,91.,10.,0.,10.,34.21,"3,950.",0.,Ranged,Attacker,Intermediate,Physical,B+,B,"December 27, 2025"
28.,Duraludon,Duraludon,8.,"4,149.",258.,148.,54.,100.,10.,0.,10.,39.77,"3,950.",0.,Ranged,Attacker,Intermediate,Physical,B+,B,"December 27, 2025"
28.,Duraludon,Duraludon,9.,"4,344.",284.,164.,61.,110.,20.,0.,15.,45.88,"4,100.",0.,Ranged,Attacker,Intermediate,Physical,B+,B,"December 27, 2025"
28.,Duraludon,Duraludon,10.,"4,559.",312.,182.,69.,122.,20.,0.,15.,52.6,"4,100.",0.,Ranged,Attacker,Intermediate,Physical,B+,B,"December 27, 2025"
28.,Duraludon,Duraludon,11.,"4,795.",343.,201.,77.,135.,20.,0.,20.,60.,"4,250.",0.,Ranged,Attacker,Intermediate,Physical,B+,B,"December 27, 2025"
28.,Duraludon,Duraludon,12.,"5,054.",377.,222.,86.,149.,20.,0.,20.,60.,"4,250.",0.,Ranged,Attacker,Intermediate,Physical,B+,B,"December 27, 2025"
28.,Duraludon,Duraludon,13.,"5,340.",414.,246.,96.,164.,20.,0.,25.,60.,"4,250.",0.,Ranged,Attacker,Intermediate,Physical,B+,B,"December 27, 2025"
28.,Duraludon,Duraludon,14.,"5,654.",455.,272.,107.,181.,20.,0.,25.,60.,"4,250.",0.,Ranged,Attacker,Intermediate,Physical,B+,B,"December 27, 2025"
28.,Duraludon,Duraludon,15.,"6,000.",500.,301.,119.,200.,20.,0.,25.,60.,"4,250.",0.,Ranged,Attacker,Intermediate,Physical,B+,B,"December 27, 2025"
29.,Eldegoss,Eldegoss,1.,"3,278.",130.,40.,40.,30.,0.,0.,0.,10.,"3,800.",0.,Ranged,Supporter,Novice,Special,A+,A,"December 27, 2025"
29.,Eldegoss,Eldegoss,2.,"3,383.",134.,44.,54.,33.,0.,0.,0.,10.22,"3,800.",0.,Ranged,Supporter,Novice,Special,A+,A,"December 27, 2025"
29.,Eldegoss,Eldegoss,3.,"3,503.",139.,48.,70.,36.,0.,0.,0.,10.47,"3,800.",0.,Ranged,Supporter,Novice,Special,A+,A,"December 27, 2025"
29.,Eldegoss,Eldegoss,4.,"4,114.",162.,69.,152.,52.,0.,0.,0.,11.76,"3,800.",0.,Ranged,Supporter,Novice,Special,A+,A,"December 27, 2025"
29.,Eldegoss,Eldegoss,5.,"4,274.",168.,74.,173.,56.,0.,5.,0.,12.1,"3,950.",0.,Ranged,Supporter,Novice,Special,A+,A,"December 27, 2025"
29.,Eldegoss,Eldegoss,6.,"4,457.",175.,80.,198.,61.,0.,5.,0.,12.49,"3,950.",0.,Ranged,Supporter,Novice,Special,A+,A,"December 27, 2025"
29.,Eldegoss,Eldegoss,7.,"4,668.",183.,87.,226.,66.,0.,5.,0.,12.94,"4,100.",0.,Ranged,Supporter,Novice,Special,A+,A,"December 27, 2025"
29.,Eldegoss,Eldegoss,8.,"4,911.",192.,95.,258.,72.,0.,5.,0.,13.45,"4,100.",0.,Ranged,Supporter,Novice,Special,A+,A,"December 27, 2025"
29.,Eldegoss,Eldegoss,9.,"5,190.",203.,104.,295.,79.,0.,10.,0.,14.04,"4,250.",0.,Ranged,Supporter,Novice,Special,A+,A,"December 27, 2025"
29.,Eldegoss,Eldegoss,10.,"5,511.",215.,115.,338.,87.,0.,10.,0.,14.72,"4,250.",0.,Ranged,Supporter,Novice,Special,A+,A,"December 27, 2025"
29.,Eldegoss,Eldegoss,11.,"5,880.",229.,128.,387.,96.,0.,10.,0.,15.5,"4,400.",0.,Ranged,Supporter,Novice,Special,A+,A,"December 27, 2025"
29.,Eldegoss,Eldegoss,12.,"6,305.",245.,142.,444.,107.,0.,10.,0.,16.4,"4,400.",0.,Ranged,Supporter,Novice,Special,A+,A,"December 27, 2025"
29.,Eldegoss,Eldegoss,13.,"6,794.",264.,159.,509.,119.,0.,10.,0.,17.43,"4,400.",0.,Ranged,Supporter,Novice,Special,A+,A,"December 27, 2025"
29.,Eldegoss,Eldegoss,14.,"7,356.",285.,178.,584.,133.,0.,10.,0.,18.62,"4,400.",0.,Ranged,Supporter,Novice,Special,A+,A,"December 27, 2025"
29.,Eldegoss,Eldegoss,15.,"8,002.",310.,200.,670.,149.,0.,10.,0.,19.99,"4,400.",0.,Ranged,Supporter,Novice,Special,A+,A,"December 27, 2025"
30.,Empoleon,Empoleon,1.,"3,250.",20.,80.,80.,65.,0.,0.,0.,10.,"3,700.",0.,Melee,All-Rounder,Intermediate,Special,A+,B,"December 27, 2025"
30.,Empoleon,Empoleon,2.,"3,325.",21.,86.,88.,70.,0.,0.,0.,10.5,"3,700.",0.,Melee,All-Rounder,Intermediate,Special,A+,B,"December 27, 2025"
30.,Empoleon,Empoleon,3.,"3,415.",23.,94.,98.,76.,0.,0.,0.,11.1,"3,700.",0.,Melee,All-Rounder,Intermediate,Special,A+,B,"December 27, 2025"
30.,Empoleon,Empoleon,4.,"3,523.",25.,103.,110.,83.,0.,0.,0.,11.82,"3,700.",0.,Melee,All-Rounder,Intermediate,Special,A+,B,"December 27, 2025"
30.,Empoleon,Empoleon,5.,"4,047.",34.,147.,169.,116.,10.,0.,5.,15.31,"3,850.",0.,Melee,All-Rounder,Intermediate,Special,A+,B,"December 27, 2025"
30.,Empoleon,Empoleon,6.,"4,204.",37.,160.,187.,126.,10.,0.,5.,16.35,"3,850.",0.,Melee,All-Rounder,Intermediate,Special,A+,B,"December 27, 2025"
30.,Empoleon,Empoleon,7.,"4,786.",48.,209.,252.,163.,10.,0.,5.,20.23,"4,000.",0.,Melee,All-Rounder,Intermediate,Special,A+,B,"December 27, 2025"
30.,Empoleon,Empoleon,8.,"5,011.",52.,228.,277.,177.,10.,0.,5.,21.73,"4,000.",0.,Melee,All-Rounder,Intermediate,Special,A+,B,"December 27, 2025"
30.,Empoleon,Empoleon,9.,"5,281.",57.,251.,307.,194.,20.,0.,10.,23.53,"4,150.",0.,Melee,All-Rounder,Intermediate,Special,A+,B,"December 27, 2025"
30.,Empoleon,Empoleon,10.,"5,605.",63.,278.,343.,215.,20.,0.,10.,25.69,"4,150.",0.,Melee,All-Rounder,Intermediate,Special,A+,B,"December 27, 2025"
30.,Empoleon,Empoleon,11.,"5,994.",70.,311.,387.,240.,20.,0.,10.,28.29,"4,300.",0.,Melee,All-Rounder,Intermediate,Special,A+,B,"December 27, 2025"
30.,Empoleon,Empoleon,12.,"6,461.",78.,350.,440.,270.,20.,0.,10.,31.4,"4,300.",0.,Melee,All-Rounder,Intermediate,Special,A+,B,"December 27, 2025"
30.,Empoleon,Empoleon,13.,"7,021.",88.,397.,503.,306.,20.,0.,15.,35.14,"4,300.",0.,Melee,All-Rounder,Intermediate,Special,A+,B,"December 27, 2025"
30.,Empoleon,Empoleon,14.,"7,693.",100.,453.,579.,349.,20.,0.,15.,39.62,"4,300.",0.,Melee,All-Rounder,Intermediate,Special,A+,B,"December 27, 2025"
30.,Empoleon,Empoleon,15.,"8,500.",115.,520.,670.,400.,20.,0.,15.,45.,"4,300.",0.,Melee,All-Rounder,Intermediate,Special,A+,B,"December 27, 2025"
31.,Espeon,Espeon,1.,"3,400.",134.,70.,50.,65.,0.,0.,0.,10.,"3,700.",0.,Ranged,Attacker,Intermediate,Special,A+,A,"December 27, 2025"
31.,Espeon,Espeon,2.,"3,473.",137.,75.,71.,69.,0.,0.,0.,10.,"3,700.",0.,Ranged,Attacker,Intermediate,Special,A+,A,"December 27, 2025"
31.,Espeon,Espeon,3.,"3,557.",141.,80.,95.,73.,0.,0.,0.,10.,"3,700.",0.,Ranged,Attacker,Intermediate,Special,A+,A,"December 27, 2025"
31.,Espeon,Espeon,4.,"3,984.",161.,106.,218.,94.,0.,0.,0.,10.,"3,700.",0.,Ranged,Attacker,Intermediate,Special,A+,A,"December 27, 2025"
31.,Espeon,Espeon,5.,"4,096.",166.,113.,250.,100.,0.,5.,0.,10.,"3,850.",0.,Ranged,Attacker,Intermediate,Special,A+,A,"December 27, 2025"
31.,Espeon,Espeon,6.,"4,224.",172.,121.,287.,106.,0.,5.,0.,10.,"3,850.",0.,Ranged,Attacker,Intermediate,Special,A+,A,"December 27, 2025"
31.,Espeon,Espeon,7.,"4,371.",179.,130.,329.,114.,0.,5.,0.,10.,"4,000.",0.,Ranged,Attacker,Intermediate,Special,A+,A,"December 27, 2025"
31.,Espeon,Espeon,8.,"4,541.",187.,141.,378.,122.,0.,5.,0.,10.,"4,000.",0.,Ranged,Attacker,Intermediate,Special,A+,A,"December 27, 2025"
31.,Espeon,Espeon,9.,"4,736.",196.,153.,434.,132.,0.,15.,0.,10.,"4,150.",0.,Ranged,Attacker,Intermediate,Special,A+,A,"December 27, 2025"
31.,Espeon,Espeon,10.,"4,961.",207.,167.,499.,143.,0.,15.,0.,10.,"4,150.",0.,Ranged,Attacker,Intermediate,Special,A+,A,"December 27, 2025"
31.,Espeon,Espeon,11.,"5,219.",219.,183.,573.,156.,0.,15.,0.,10.,"4,300.",0.,Ranged,Attacker,Intermediate,Special,A+,A,"December 27, 2025"
31.,Espeon,Espeon,12.,"5,515.",233.,201.,658.,171.,0.,15.,0.,10.,"4,300.",0.,Ranged,Attacker,Intermediate,Special,A+,A,"December 27, 2025"
31.,Espeon,Espeon,13.,"5,856.",249.,223.,756.,188.,0.,25.,0.,10.,"4,300.",0.,Ranged,Attacker,Intermediate,Special,A+,A,"December 27, 2025"
31.,Espeon,Espeon,14.,"6,249.",268.,247.,869.,207.,0.,25.,0.,10.,"4,300.",0.,Ranged,Attacker,Intermediate,Special,A+,A,"December 27, 2025"
31.,Espeon,Espeon,15.,"6,700.",289.,275.,999.,230.,0.,25.,0.,10.,"4,300.",0.,Ranged,Attacker,Intermediate,Special,A+,A,"December 27, 2025"
32.,Falinks,Falinks,1.,"3,200.",150.,90.,20.,70.,0.,0.,0.,10.,"3,700.",0.,Melee,All-Rounder,Expert,Physical,C,D,"December 27, 2025"
32.,Falinks,Falinks,2.,"3,371.",160.,103.,23.,80.,0.,0.,0.,10.71,"3,700.",0.,Melee,All-Rounder,Expert,Physical,C,D,"December 27, 2025"
32.,Falinks,Falinks,3.,"3,559.",171.,118.,27.,91.,0.,0.,0.,11.49,"3,700.",0.,Melee,All-Rounder,Expert,Physical,C,D,"December 27, 2025"
32.,Falinks,Falinks,4.,"3,766.",183.,134.,31.,103.,0.,0.,0.,12.35,"3,700.",0.,Melee,All-Rounder,Expert,Physical,C,D,"December 27, 2025"
32.,Falinks,Falinks,5.,"3,993.",196.,152.,35.,117.,10.,0.,5.,13.3,"3,850.",0.,Melee,All-Rounder,Expert,Physical,C,D,"December 27, 2025"
32.,Falinks,Falinks,6.,"4,243.",211.,171.,40.,132.,10.,0.,5.,14.34,"3,850.",0.,Melee,All-Rounder,Expert,Physical,C,D,"December 27, 2025"
32.,Falinks,Falinks,7.,"4,518.",227.,192.,45.,149.,10.,0.,5.,15.49,"4,000.",0.,Melee,All-Rounder,Expert,Physical,C,D,"December 27, 2025"
32.,Falinks,Falinks,8.,"4,821.",245.,215.,51.,167.,10.,0.,5.,16.75,"4,000.",0.,Melee,All-Rounder,Expert,Physical,C,D,"December 27, 2025"
32.,Falinks,Falinks,9.,"5,155.",264.,241.,58.,187.,20.,0.,10.,18.14,"4,150.",0.,Melee,All-Rounder,Expert,Physical,C,D,"December 27, 2025"
32.,Falinks,Falinks,10.,"5,523.",285.,269.,65.,209.,20.,0.,10.,19.67,"4,150.",0.,Melee,All-Rounder,Expert,Physical,C,D,"December 27, 2025"
32.,Falinks,Falinks,11.,"5,928.",309.,300.,73.,234.,20.,0.,10.,21.36,"4,300.",0.,Melee,All-Rounder,Expert,Physical,C,D,"December 27, 2025"
32.,Falinks,Falinks,12.,"6,374.",335.,334.,82.,261.,20.,0.,10.,23.22,"4,300.",0.,Melee,All-Rounder,Expert,Physical,C,D,"December 27, 2025"
32.,Falinks,Falinks,13.,"6,865.",364.,372.,92.,291.,20.,0.,15.,25.27,"4,300.",0.,Melee,All-Rounder,Expert,Physical,C,D,"December 27, 2025"
32.,Falinks,Falinks,14.,"7,405.",395.,414.,103.,324.,20.,0.,15.,27.52,"4,300.",0.,Melee,All-Rounder,Expert,Physical,C,D,"December 27, 2025"
32.,Falinks,Falinks,15.,"8,000.",430.,460.,115.,360.,20.,0.,15.,30.,"4,300.",0.,Melee,All-Rounder,Expert,Physical,C,D,"December 27, 2025"
33.,Feraligatr,Feraligatr,1.,"3,460.",156.,98.,20.,94.,0.,0.,0.,10.,"3,700.",0.,Melee,All-Rounder,Intermediate,Physical,S,S,"June 21, 2026"
33.,Feraligatr,Feraligatr,2.,"3,528.",161.,104.,21.,100.,0.,0.,0.,10.43,"3,700.",0.,Melee,All-Rounder,Intermediate,Physical,S,S,"June 21, 2026"
33.,Feraligatr,Feraligatr,3.,"3,610.",167.,111.,23.,106.,0.,0.,0.,10.95,"3,700.",0.,Melee,All-Rounder,Intermediate,Physical,S,S,"June 21, 2026"
33.,Feraligatr,Feraligatr,4.,"3,708.",174.,120.,25.,114.,0.,0.,0.,11.57,"3,700.",0.,Melee,All-Rounder,Intermediate,Physical,S,S,"June 21, 2026"
33.,Feraligatr,Feraligatr,5.,"4,062.",200.,152.,32.,144.,10.,0.,5.,13.81,"3,850.",0.,Melee,All-Rounder,Intermediate,Physical,S,S,"June 21, 2026"
33.,Feraligatr,Feraligatr,6.,"4,203.",211.,164.,35.,155.,10.,0.,5.,14.71,"3,850.",0.,Melee,All-Rounder,Intermediate,Physical,S,S,"June 21, 2026"
33.,Feraligatr,Feraligatr,7.,"4,847.",258.,221.,48.,208.,10.,0.,5.,18.78,"4,000.",0.,Melee,All-Rounder,Intermediate,Physical,S,S,"June 21, 2026"
33.,Feraligatr,Feraligatr,8.,"5,050.",273.,240.,52.,225.,10.,0.,5.,20.06,"4,000.",0.,Melee,All-Rounder,Intermediate,Physical,S,S,"June 21, 2026"
33.,Feraligatr,Feraligatr,9.,"5,294.",291.,261.,57.,245.,20.,0.,10.,21.61,"4,150.",0.,Melee,All-Rounder,Intermediate,Physical,S,S,"June 21, 2026"
33.,Feraligatr,Feraligatr,10.,"5,587.",313.,287.,63.,269.,20.,0.,10.,23.46,"4,150.",0.,Melee,All-Rounder,Intermediate,Physical,S,S,"June 21, 2026"
33.,Feraligatr,Feraligatr,11.,"5,938.",338.,319.,70.,298.,20.,0.,10.,25.68,"4,300.",0.,Melee,All-Rounder,Intermediate,Physical,S,S,"June 21, 2026"
33.,Feraligatr,Feraligatr,12.,"6,359.",369.,356.,79.,333.,20.,0.,10.,28.35,"4,300.",0.,Melee,All-Rounder,Intermediate,Physical,S,S,"June 21, 2026"
33.,Feraligatr,Feraligatr,13.,"6,865.",407.,401.,89.,375.,20.,0.,15.,31.55,"4,300.",0.,Melee,All-Rounder,Intermediate,Physical,S,S,"June 21, 2026"
33.,Feraligatr,Feraligatr,14.,"7,472.",451.,455.,101.,425.,20.,0.,15.,35.39,"4,300.",0.,Melee,All-Rounder,Intermediate,Physical,S,S,"June 21, 2026"
33.,Feraligatr,Feraligatr,15.,"8,200.",505.,520.,116.,485.,20.,0.,15.,40.,"4,300.",0.,Melee,All-Rounder,Intermediate,Physical,S,S,"June 21, 2026"
34.,Garchomp,Garchomp,1.,"3,300.",165.,98.,20.,86.,0.,0.,0.,10.,"3,800.",0.,Melee,All-Rounder,Intermediate,Physical,A,A,"December 27, 2025"
34.,Garchomp,Garchomp,2.,"3,370.",170.,104.,21.,91.,0.,0.,0.,10.5,"3,800.",0.,Melee,All-Rounder,Intermediate,Physical,A,A,"December 27, 2025"
34.,Garchomp,Garchomp,3.,"3,453.",176.,111.,23.,96.,0.,0.,0.,11.1,"3,800.",0.,Melee,All-Rounder,Intermediate,Physical,A,A,"December 27, 2025"
34.,Garchomp,Garchomp,4.,"3,554.",183.,120.,25.,103.,0.,0.,0.,11.82,"3,800.",0.,Melee,All-Rounder,Intermediate,Physical,A,A,"December 27, 2025"
34.,Garchomp,Garchomp,5.,"3,916.",210.,152.,32.,127.,7.5,0.,5.,14.44,"3,950.",0.,Melee,All-Rounder,Intermediate,Physical,A,A,"December 27, 2025"
34.,Garchomp,Garchomp,6.,"4,061.",220.,164.,35.,137.,7.5,0.,5.,15.48,"3,950.",0.,Melee,All-Rounder,Intermediate,Physical,A,A,"December 27, 2025"
34.,Garchomp,Garchomp,7.,"4,234.",233.,179.,38.,148.,7.5,0.,5.,16.73,"4,100.",0.,Melee,All-Rounder,Intermediate,Physical,A,A,"December 27, 2025"
34.,Garchomp,Garchomp,8.,"4,442.",248.,197.,42.,162.,7.5,0.,5.,18.23,"4,100.",0.,Melee,All-Rounder,Intermediate,Physical,A,A,"December 27, 2025"
34.,Garchomp,Garchomp,9.,"5,177.",301.,261.,56.,211.,15.,0.,10.,23.53,"4,250.",0.,Melee,All-Rounder,Intermediate,Physical,A,A,"December 27, 2025"
34.,Garchomp,Garchomp,10.,"5,476.",322.,287.,62.,231.,15.,0.,10.,25.69,"4,250.",0.,Melee,All-Rounder,Intermediate,Physical,A,A,"December 27, 2025"
34.,Garchomp,Garchomp,11.,"5,835.",348.,319.,69.,255.,15.,0.,10.,28.28,"4,400.",0.,Melee,All-Rounder,Intermediate,Physical,A,A,"December 27, 2025"
34.,Garchomp,Garchomp,12.,"6,266.",380.,356.,77.,284.,15.,0.,10.,31.39,"4,400.",0.,Melee,All-Rounder,Intermediate,Physical,A,A,"December 27, 2025"
34.,Garchomp,Garchomp,13.,"6,784.",417.,401.,87.,319.,15.,0.,15.,35.12,"4,400.",0.,Melee,All-Rounder,Intermediate,Physical,A,A,"December 27, 2025"
34.,Garchomp,Garchomp,14.,"7,405.",462.,455.,99.,360.,15.,0.,15.,39.6,"4,400.",0.,Melee,All-Rounder,Intermediate,Physical,A,A,"December 27, 2025"
34.,Garchomp,Garchomp,15.,"8,150.",516.,520.,114.,410.,15.,0.,15.,45.,"4,400.",0.,Melee,All-Rounder,Intermediate,Physical,A,A,"December 27, 2025"
35.,Gardevoir,Gardevoir,1.,"3,200.",134.,35.,65.,27.,0.,0.,0.,10.,"3,700.",0.,Ranged,Attacker,Intermediate,Special,B,B,"December 27, 2025"
35.,Gardevoir,Gardevoir,2.,"3,250.",136.,39.,79.,30.,0.,0.,0.,10.,"3,700.",0.,Ranged,Attacker,Intermediate,Special,B,B,"December 27, 2025"
35.,Gardevoir,Gardevoir,3.,"3,310.",139.,43.,96.,33.,0.,0.,0.,10.,"3,700.",0.,Ranged,Attacker,Intermediate,Special,B,B,"December 27, 2025"
35.,Gardevoir,Gardevoir,4.,"3,382.",142.,48.,116.,37.,0.,0.,0.,10.,"3,700.",0.,Ranged,Attacker,Intermediate,Special,B,B,"December 27, 2025"
35.,Gardevoir,Gardevoir,5.,"3,644.",154.,66.,190.,52.,0.,5.,0.,10.,"3,850.",0.,Ranged,Attacker,Intermediate,Special,B,B,"December 27, 2025"
35.,Gardevoir,Gardevoir,6.,"3,748.",159.,73.,219.,58.,0.,5.,0.,10.,"3,850.",0.,Ranged,Attacker,Intermediate,Special,B,B,"December 27, 2025"
35.,Gardevoir,Gardevoir,7.,"4,223.",180.,106.,353.,86.,0.,5.,0.,10.,"4,000.",0.,Ranged,Attacker,Intermediate,Special,B,B,"December 27, 2025"
35.,Gardevoir,Gardevoir,8.,"4,373.",187.,117.,395.,95.,0.,5.,0.,10.,"4,000.",0.,Ranged,Attacker,Intermediate,Special,B,B,"December 27, 2025"
35.,Gardevoir,Gardevoir,9.,"4,553.",195.,130.,446.,105.,0.,15.,0.,10.,"4,150.",0.,Ranged,Attacker,Intermediate,Special,B,B,"December 27, 2025"
35.,Gardevoir,Gardevoir,10.,"4,769.",205.,145.,507.,118.,0.,15.,0.,10.,"4,150.",0.,Ranged,Attacker,Intermediate,Special,B,B,"December 27, 2025"
35.,Gardevoir,Gardevoir,11.,"5,029.",216.,163.,580.,133.,0.,15.,0.,10.,"4,300.",0.,Ranged,Attacker,Intermediate,Special,B,B,"December 27, 2025"
35.,Gardevoir,Gardevoir,12.,"5,340.",230.,185.,668.,151.,0.,15.,0.,10.,"4,300.",0.,Ranged,Attacker,Intermediate,Special,B,B,"December 27, 2025"
35.,Gardevoir,Gardevoir,13.,"5,714.",247.,211.,773.,173.,0.,25.,0.,10.,"4,300.",0.,Ranged,Attacker,Intermediate,Special,B,B,"December 27, 2025"
35.,Gardevoir,Gardevoir,14.,"6,162.",267.,242.,899.,199.,0.,25.,0.,10.,"4,300.",0.,Ranged,Attacker,Intermediate,Special,B,B,"December 27, 2025"
35.,Gardevoir,Gardevoir,15.,"6,700.",291.,280.,"1,050.",230.,0.,25.,0.,10.,"4,300.",0.,Ranged,Attacker,Intermediate,Special,B,B,"December 27, 2025"
36.,Gengar,Gengar,1.,"3,456.",20.,52.,80.,38.,0.,0.,0.,10.,"3,650.",0.,Melee,Speedster,Expert,Special,A,A,"December 27, 2025"
36.,Gengar,Gengar,2.,"3,510.",21.,56.,89.,40.,0.,0.,0.,10.43,"3,650.",4.,Melee,Speedster,Expert,Special,A,A,"December 27, 2025"
36.,Gengar,Gengar,3.,"3,574.",23.,61.,99.,43.,0.,0.,0.,10.94,"3,650.",9.,Melee,Speedster,Expert,Special,A,A,"December 27, 2025"
36.,Gengar,Gengar,4.,"3,651.",25.,67.,112.,47.,0.,0.,0.,11.56,"3,650.",13.,Melee,Speedster,Expert,Special,A,A,"December 27, 2025"
36.,Gengar,Gengar,5.,"3,931.",32.,87.,158.,60.,0.,5.,0.,13.8,"3,800.",17.,Melee,Speedster,Expert,Special,A,A,"December 27, 2025"
36.,Gengar,Gengar,6.,"4,043.",35.,95.,176.,65.,0.,5.,0.,14.69,"3,800.",21.,Melee,Speedster,Expert,Special,A,A,"December 27, 2025"
36.,Gengar,Gengar,7.,"4,177.",38.,105.,198.,71.,0.,5.,0.,15.76,"3,950.",26.,Melee,Speedster,Expert,Special,A,A,"December 27, 2025"
36.,Gengar,Gengar,8.,"4,338.",42.,116.,224.,78.,0.,5.,0.,17.05,"3,950.",30.,Melee,Speedster,Expert,Special,A,A,"December 27, 2025"
36.,Gengar,Gengar,9.,"4,905.",56.,156.,316.,104.,0.,15.,0.,21.59,"4,100.",34.,Melee,Speedster,Expert,Special,A,A,"December 27, 2025"
36.,Gengar,Gengar,10.,"5,136.",62.,172.,354.,115.,0.,15.,0.,23.44,"4,100.",39.,Melee,Speedster,Expert,Special,A,A,"December 27, 2025"
36.,Gengar,Gengar,11.,"5,414.",69.,192.,399.,128.,0.,15.,0.,25.66,"4,250.",43.,Melee,Speedster,Expert,Special,A,A,"December 27, 2025"
36.,Gengar,Gengar,12.,"5,747.",78.,216.,453.,143.,0.,15.,0.,28.33,"4,250.",47.,Melee,Speedster,Expert,Special,A,A,"December 27, 2025"
36.,Gengar,Gengar,13.,"6,146.",88.,245.,518.,161.,0.,25.,0.,31.53,"4,250.",51.,Melee,Speedster,Expert,Special,A,A,"December 27, 2025"
36.,Gengar,Gengar,14.,"6,625.",100.,279.,596.,183.,0.,25.,0.,35.37,"4,250.",56.,Melee,Speedster,Expert,Special,A,A,"December 27, 2025"
36.,Gengar,Gengar,15.,"7,200.",115.,320.,690.,210.,0.,25.,0.,39.98,"4,250.",60.,Melee,Speedster,Expert,Special,A,A,"December 27, 2025"
37.,Glaceon,Glaceon,1.,"3,200.",20.,70.,100.,64.,0.,0.,0.,10.,"3,700.",0.,Ranged,Attacker,Intermediate,Special,B+,B,"December 27, 2025"
37.,Glaceon,Glaceon,2.,"3,278.",22.,78.,117.,68.,0.,0.,0.,12.,"3,700.",0.,Ranged,Attacker,Intermediate,Special,B+,B,"December 27, 2025"
37.,Glaceon,Glaceon,3.,"3,367.",24.,80.,137.,72.,0.,0.,0.,14.29,"3,700.",0.,Ranged,Attacker,Intermediate,Special,B+,B,"December 27, 2025"
37.,Glaceon,Glaceon,4.,"3,820.",36.,106.,238.,93.,0.,0.,0.,25.93,"3,700.",0.,Ranged,Attacker,Intermediate,Special,B+,B,"December 27, 2025"
37.,Glaceon,Glaceon,5.,"3,938.",39.,113.,265.,99.,10.,5.,0.,28.97,"3,850.",0.,Ranged,Attacker,Intermediate,Special,B+,B,"December 27, 2025"
37.,Glaceon,Glaceon,6.,"4,074.",43.,121.,295.,105.,10.,5.,0.,32.46,"3,850.",0.,Ranged,Attacker,Intermediate,Special,B+,B,"December 27, 2025"
37.,Glaceon,Glaceon,7.,"4,230.",47.,130.,330.,113.,10.,5.,0.,36.47,"4,000.",0.,Ranged,Attacker,Intermediate,Special,B+,B,"December 27, 2025"
37.,Glaceon,Glaceon,8.,"4,410.",52.,141.,370.,121.,10.,5.,0.,41.09,"4,000.",0.,Ranged,Attacker,Intermediate,Special,B+,B,"December 27, 2025"
37.,Glaceon,Glaceon,9.,"4,617.",58.,153.,416.,131.,20.,5.,0.,46.41,"4,150.",0.,Ranged,Attacker,Intermediate,Special,B+,B,"December 27, 2025"
37.,Glaceon,Glaceon,10.,"4,855.",65.,167.,469.,143.,20.,5.,0.,52.53,"4,150.",0.,Ranged,Attacker,Intermediate,Special,B+,B,"December 27, 2025"
37.,Glaceon,Glaceon,11.,"5,129.",73.,183.,530.,155.,20.,10.,0.,59.57,"4,300.",0.,Ranged,Attacker,Intermediate,Special,B+,B,"December 27, 2025"
37.,Glaceon,Glaceon,12.,"5,444.",82.,201.,600.,170.,20.,10.,0.,67.67,"4,300.",0.,Ranged,Attacker,Intermediate,Special,B+,B,"December 27, 2025"
37.,Glaceon,Glaceon,13.,"5,805.",92.,223.,681.,188.,20.,10.,0.,76.99,"4,300.",0.,Ranged,Attacker,Intermediate,Special,B+,B,"December 27, 2025"
37.,Glaceon,Glaceon,14.,"6,221.",103.,247.,773.,207.,20.,10.,0.,87.7,"4,300.",0.,Ranged,Attacker,Intermediate,Special,B+,B,"December 27, 2025"
37.,Glaceon,Glaceon,15.,"6,700.",116.,275.,880.,230.,20.,10.,0.,100.,"4,300.",0.,Ranged,Attacker,Intermediate,Special,B+,B,"December 27, 2025"
38.,Goodra,Goodra,1.,"3,225.",150.,100.,50.,100.,0.,0.,0.,10.,"3,700.",0.,Melee,Defender,Intermediate,Special,F,C,"December 27, 2025"
38.,Goodra,Goodra,2.,"3,326.",152.,107.,56.,107.,0.,0.,0.,10.29,"3,700.",0.,Melee,Defender,Intermediate,Special,F,C,"December 27, 2025"
38.,Goodra,Goodra,3.,"3,447.",155.,116.,63.,115.,0.,0.,0.,10.63,"3,700.",0.,Melee,Defender,Intermediate,Special,F,C,"December 27, 2025"
38.,Goodra,Goodra,4.,"3,593.",158.,127.,71.,125.,0.,0.,0.,11.04,"3,700.",0.,Melee,Defender,Intermediate,Special,F,C,"December 27, 2025"
38.,Goodra,Goodra,5.,"4,122.",169.,166.,101.,162.,0.,5.,0.,12.54,"3,850.",0.,Melee,Defender,Intermediate,Special,F,C,"December 27, 2025"
38.,Goodra,Goodra,6.,"4,333.",174.,181.,113.,177.,0.,5.,0.,13.14,"3,850.",0.,Melee,Defender,Intermediate,Special,F,C,"December 27, 2025"
38.,Goodra,Goodra,7.,"4,586.",179.,200.,127.,195.,0.,5.,0.,13.86,"4,000.",0.,Melee,Defender,Intermediate,Special,F,C,"December 27, 2025"
38.,Goodra,Goodra,8.,"5,597.",201.,274.,184.,265.,0.,5.,0.,16.72,"4,000.",0.,Melee,Defender,Intermediate,Special,F,C,"December 27, 2025"
38.,Goodra,Goodra,9.,"5,961.",209.,301.,205.,290.,0.,10.,0.,17.75,"4,150.",0.,Melee,Defender,Intermediate,Special,F,C,"December 27, 2025"
38.,Goodra,Goodra,10.,"6,398.",218.,333.,230.,320.,0.,10.,0.,18.98,"4,150.",0.,Melee,Defender,Intermediate,Special,F,C,"December 27, 2025"
38.,Goodra,Goodra,11.,"6,923.",229.,372.,260.,356.,0.,10.,0.,20.46,"4,300.",0.,Melee,Defender,Intermediate,Special,F,C,"December 27, 2025"
38.,Goodra,Goodra,12.,"7,552.",242.,418.,295.,400.,0.,10.,0.,22.24,"4,300.",0.,Melee,Defender,Intermediate,Special,F,C,"December 27, 2025"
38.,Goodra,Goodra,13.,"8,307.",258.,473.,338.,452.,0.,10.,0.,24.37,"4,300.",0.,Melee,Defender,Intermediate,Special,F,C,"December 27, 2025"
38.,Goodra,Goodra,14.,"9,213.",277.,540.,389.,515.,0.,10.,0.,26.93,"4,300.",0.,Melee,Defender,Intermediate,Special,F,C,"December 27, 2025"
38.,Goodra,Goodra,15.,"10,300.",300.,620.,450.,590.,0.,10.,0.,30.,"4,300.",0.,Melee,Defender,Intermediate,Special,F,C,"December 27, 2025"
39.,Greedent,Greedent,1.,"3,000.",170.,75.,20.,60.,0.,0.,0.,10.,"3,600.",0.,Melee,Defender,Expert,Physical,D,C,"December 27, 2025"
39.,Greedent,Greedent,2.,"3,135.",174.,85.,22.,69.,0.,0.,0.,10.44,"3,600.",0.,Melee,Defender,Expert,Physical,D,C,"December 27, 2025"
39.,Greedent,Greedent,3.,"3,290.",178.,97.,24.,79.,0.,0.,0.,10.95,"3,600.",0.,Melee,Defender,Expert,Physical,D,C,"December 27, 2025"
39.,Greedent,Greedent,4.,"3,469.",183.,111.,27.,91.,0.,0.,0.,11.54,"3,600.",0.,Melee,Defender,Expert,Physical,D,C,"December 27, 2025"
39.,Greedent,Greedent,5.,"4,285.",206.,173.,40.,144.,0.,5.,0.,14.22,"3,750.",0.,Melee,Defender,Expert,Physical,D,C,"December 27, 2025"
39.,Greedent,Greedent,6.,"4,522.",213.,191.,44.,159.,0.,5.,0.,15.,"3,750.",0.,Melee,Defender,Expert,Physical,D,C,"December 27, 2025"
39.,Greedent,Greedent,7.,"4,794.",221.,212.,48.,177.,0.,5.,0.,15.89,"3,900.",0.,Melee,Defender,Expert,Physical,D,C,"December 27, 2025"
39.,Greedent,Greedent,8.,"5,107.",230.,236.,53.,198.,0.,5.,0.,16.92,"3,900.",0.,Melee,Defender,Expert,Physical,D,C,"December 27, 2025"
39.,Greedent,Greedent,9.,"5,467.",240.,263.,59.,222.,0.,10.,0.,18.1,"4,050.",0.,Melee,Defender,Expert,Physical,D,C,"December 27, 2025"
39.,Greedent,Greedent,10.,"5,882.",252.,295.,66.,249.,0.,10.,0.,19.46,"4,050.",0.,Melee,Defender,Expert,Physical,D,C,"December 27, 2025"
39.,Greedent,Greedent,11.,"6,359.",266.,331.,74.,280.,0.,10.,0.,21.02,"4,200.",0.,Melee,Defender,Expert,Physical,D,C,"December 27, 2025"
39.,Greedent,Greedent,12.,"6,908.",282.,373.,83.,316.,0.,10.,0.,22.82,"4,200.",0.,Melee,Defender,Expert,Physical,D,C,"December 27, 2025"
39.,Greedent,Greedent,13.,"7,539.",300.,421.,93.,357.,0.,10.,0.,24.89,"4,200.",0.,Melee,Defender,Expert,Physical,D,C,"December 27, 2025"
39.,Greedent,Greedent,14.,"8,265.",321.,476.,104.,405.,0.,10.,0.,27.27,"4,200.",0.,Melee,Defender,Expert,Physical,D,C,"December 27, 2025"
39.,Greedent,Greedent,15.,"9,099.",345.,540.,117.,460.,0.,10.,0.,30.,"4,200.",0.,Melee,Defender,Expert,Physical,D,C,"December 27, 2025"
40.,Greninja,Greninja,1.,"3,200.",146.,50.,20.,64.,0.,0.,0.,10.,"3,600.",0.,Ranged,Attacker,Expert,Physical,A+,S,"December 27, 2025"
40.,Greninja,Greninja,2.,"3,240.",151.,53.,21.,67.,0.,0.,0.,11.57,"3,600.",0.,Ranged,Attacker,Expert,Physical,A+,S,"December 27, 2025"
40.,Greninja,Greninja,3.,"3,288.",157.,56.,23.,70.,0.,0.,0.,13.46,"3,600.",0.,Ranged,Attacker,Expert,Physical,A+,S,"December 27, 2025"
40.,Greninja,Greninja,4.,"3,346.",165.,60.,25.,73.,0.,0.,0.,15.73,"3,600.",0.,Ranged,Attacker,Expert,Physical,A+,S,"December 27, 2025"
40.,Greninja,Greninja,5.,"3,556.",191.,75.,32.,86.,15.,0.,5.,23.96,"3,750.",0.,Ranged,Attacker,Expert,Physical,A+,S,"December 27, 2025"
40.,Greninja,Greninja,6.,"3,639.",202.,81.,35.,92.,15.,0.,5.,27.24,"3,750.",0.,Ranged,Attacker,Expert,Physical,A+,S,"December 27, 2025"
40.,Greninja,Greninja,7.,"4,019.",250.,108.,49.,116.,15.,0.,5.,42.17,"3,900.",0.,Ranged,Attacker,Expert,Physical,A+,S,"December 27, 2025"
40.,Greninja,Greninja,8.,"4,139.",265.,117.,53.,123.,15.,0.,5.,46.89,"3,900.",0.,Ranged,Attacker,Expert,Physical,A+,S,"December 27, 2025"
40.,Greninja,Greninja,9.,"4,283.",283.,127.,58.,132.,30.,0.,10.,52.55,"4,050.",0.,Ranged,Attacker,Expert,Physical,A+,S,"December 27, 2025"
40.,Greninja,Greninja,10.,"4,456.",305.,139.,64.,143.,30.,0.,10.,59.34,"4,050.",0.,Ranged,Attacker,Expert,Physical,A+,S,"December 27, 2025"
40.,Greninja,Greninja,11.,"4,664.",331.,154.,71.,156.,30.,0.,10.,67.5,"4,200.",0.,Ranged,Attacker,Expert,Physical,A+,S,"December 27, 2025"
40.,Greninja,Greninja,12.,"4,913.",363.,172.,80.,172.,30.,0.,10.,77.28,"4,200.",0.,Ranged,Attacker,Expert,Physical,A+,S,"December 27, 2025"
40.,Greninja,Greninja,13.,"5,211.",400.,193.,91.,190.,30.,0.,15.,89.02,"4,200.",0.,Ranged,Attacker,Expert,Physical,A+,S,"December 27, 2025"
40.,Greninja,Greninja,14.,"5,570.",446.,219.,104.,213.,30.,0.,15.,103.1,"4,200.",0.,Ranged,Attacker,Expert,Physical,A+,S,"December 27, 2025"
40.,Greninja,Greninja,15.,"6,000.",500.,250.,119.,240.,30.,0.,15.,120.,"4,200.",0.,Ranged,Attacker,Expert,Physical,A+,S,"December 27, 2025"
41.,Gyarados,Gyarados,1.,"3,250.",140.,80.,20.,60.,0.,0.,0.,10.,"3,700.",0.,Melee,All-Rounder,Intermediate,Physical,B+,B,"December 27, 2025"
41.,Gyarados,Gyarados,2.,"3,389.",149.,93.,23.,70.,0.,0.,0.,10.,"3,700.",0.,Melee,All-Rounder,Intermediate,Physical,B+,B,"December 27, 2025"
41.,Gyarados,Gyarados,3.,"3,542.",159.,108.,27.,81.,0.,0.,0.,10.,"3,700.",0.,Melee,All-Rounder,Intermediate,Physical,B+,B,"December 27, 2025"
41.,Gyarados,Gyarados,4.,"3,710.",170.,124.,31.,93.,0.,0.,0.,10.,"3,700.",0.,Melee,All-Rounder,Intermediate,Physical,B+,B,"December 27, 2025"
41.,Gyarados,Gyarados,5.,"3,894.",182.,142.,35.,107.,10.,0.,5.,10.,"3,850.",0.,Melee,All-Rounder,Intermediate,Physical,B+,B,"December 27, 2025"
41.,Gyarados,Gyarados,6.,"4,097.",196.,161.,40.,122.,10.,0.,5.,10.,"3,850.",0.,Melee,All-Rounder,Intermediate,Physical,B+,B,"December 27, 2025"
41.,Gyarados,Gyarados,7.,"4,320.",211.,182.,45.,138.,10.,0.,5.,10.,"4,000.",0.,Melee,All-Rounder,Intermediate,Physical,B+,B,"December 27, 2025"
41.,Gyarados,Gyarados,8.,"4,566.",228.,205.,51.,156.,10.,0.,5.,10.,"4,000.",0.,Melee,All-Rounder,Intermediate,Physical,B+,B,"December 27, 2025"
41.,Gyarados,Gyarados,9.,"4,837.",246.,231.,58.,176.,20.,0.,10.,10.,"4,150.",0.,Melee,All-Rounder,Intermediate,Physical,B+,B,"December 27, 2025"
41.,Gyarados,Gyarados,10.,"5,136.",266.,259.,65.,198.,20.,0.,10.,10.,"4,150.",0.,Melee,All-Rounder,Intermediate,Physical,B+,B,"December 27, 2025"
41.,Gyarados,Gyarados,11.,"5,466.",288.,290.,73.,222.,20.,0.,10.,10.,"4,300.",0.,Melee,All-Rounder,Intermediate,Physical,B+,B,"December 27, 2025"
41.,Gyarados,Gyarados,12.,"5,828.",312.,324.,82.,249.,20.,0.,10.,10.,"4,300.",0.,Melee,All-Rounder,Intermediate,Physical,B+,B,"December 27, 2025"
41.,Gyarados,Gyarados,13.,"6,227.",339.,362.,92.,278.,20.,0.,15.,10.,"4,300.",0.,Melee,All-Rounder,Intermediate,Physical,B+,B,"December 27, 2025"
41.,Gyarados,Gyarados,14.,"6,666.",368.,404.,103.,310.,20.,0.,15.,10.,"4,300.",0.,Melee,All-Rounder,Intermediate,Physical,B+,B,"December 27, 2025"
41.,Gyarados,Gyarados,15.,"7,150.",400.,450.,115.,345.,20.,0.,15.,10.,"4,300.",0.,Melee,All-Rounder,Intermediate,Physical,B+,B,"December 27, 2025"
42.,Mega-Gyarados,Mega Gyarados,1.,"3,100.",140.,80.,20.,60.,0.,0.,0.,10.,"3,700.",0.,Melee,All-Rounder,Intermediate,Physical,A+,B,"March 15, 2026"
42.,Mega-Gyarados,Mega Gyarados,2.,"3,239.",149.,93.,23.,70.,0.,0.,0.,10.,"3,700.",0.,Melee,All-Rounder,Intermediate,Physical,A+,B,"March 15, 2026"
42.,Mega-Gyarados,Mega Gyarados,3.,"3,392.",159.,108.,27.,81.,0.,0.,0.,10.,"3,700.",0.,Melee,All-Rounder,Intermediate,Physical,A+,B,"March 15, 2026"
42.,Mega-Gyarados,Mega Gyarados,4.,"3,560.",170.,124.,31.,93.,0.,0.,0.,10.,"3,700.",0.,Melee,All-Rounder,Intermediate,Physical,A+,B,"March 15, 2026"
42.,Mega-Gyarados,Mega Gyarados,5.,"3,744.",182.,142.,35.,107.,10.,0.,5.,10.,"3,850.",0.,Melee,All-Rounder,Intermediate,Physical,A+,B,"March 15, 2026"
42.,Mega-Gyarados,Mega Gyarados,6.,"3,947.",196.,161.,40.,122.,10.,0.,5.,10.,"3,850.",0.,Melee,All-Rounder,Intermediate,Physical,A+,B,"March 15, 2026"
42.,Mega-Gyarados,Mega Gyarados,7.,"4,170.",211.,182.,45.,138.,10.,0.,5.,10.,"4,000.",0.,Melee,All-Rounder,Intermediate,Physical,A+,B,"March 15, 2026"
42.,Mega-Gyarados,Mega Gyarados,8.,"4,416.",228.,205.,51.,156.,10.,0.,5.,10.,"4,000.",0.,Melee,All-Rounder,Intermediate,Physical,A+,B,"March 15, 2026"
42.,Mega-Gyarados,Mega Gyarados,9.,"4,687.",246.,231.,58.,176.,20.,0.,10.,10.,"4,150.",0.,Melee,All-Rounder,Intermediate,Physical,A+,B,"March 15, 2026"
42.,Mega-Gyarados,Mega Gyarados,10.,"4,986.",266.,259.,65.,198.,20.,0.,10.,10.,"4,150.",0.,Melee,All-Rounder,Intermediate,Physical,A+,B,"March 15, 2026"
42.,Mega-Gyarados,Mega Gyarados,11.,"5,316.",288.,290.,73.,222.,20.,0.,10.,10.,"4,300.",0.,Melee,All-Rounder,Intermediate,Physical,A+,B,"March 15, 2026"
42.,Mega-Gyarados,Mega Gyarados,12.,"5,678.",312.,324.,82.,249.,20.,0.,10.,10.,"4,300.",0.,Melee,All-Rounder,Intermediate,Physical,A+,B,"March 15, 2026"
42.,Mega-Gyarados,Mega Gyarados,13.,"6,077.",339.,362.,92.,278.,20.,0.,15.,10.,"4,300.",0.,Melee,All-Rounder,Intermediate,Physical,A+,B,"March 15, 2026"
42.,Mega-Gyarados,Mega Gyarados,14.,"6,516.",368.,404.,103.,310.,20.,0.,15.,10.,"4,300.",0.,Melee,All-Rounder,Intermediate,Physical,A+,B,"March 15, 2026"
42.,Mega-Gyarados,Mega Gyarados,15.,"7,000.",400.,450.,115.,345.,20.,0.,15.,10.,"4,300.",0.,Melee,All-Rounder,Intermediate,Physical,A+,B,"March 15, 2026"
43.,Ho-Oh,Ho-Oh,1.,"3,400.",170.,90.,20.,70.,0.,0.,0.,10.,"3,700.",0.,Ranged,Defender,Novice,Physical,B,B,"December 27, 2025"
43.,Ho-Oh,Ho-Oh,2.,"3,631.",177.,106.,23.,82.,0.,0.,0.,10.71,"3,700.",0.,Ranged,Defender,Novice,Physical,B,B,"December 27, 2025"
43.,Ho-Oh,Ho-Oh,3.,"3,886.",185.,124.,27.,96.,0.,0.,0.,11.49,"3,700.",0.,Ranged,Defender,Novice,Physical,B,B,"December 27, 2025"
43.,Ho-Oh,Ho-Oh,4.,"4,166.",194.,143.,31.,111.,0.,0.,0.,12.35,"3,700.",0.,Ranged,Defender,Novice,Physical,B,B,"December 27, 2025"
43.,Ho-Oh,Ho-Oh,5.,"4,473.",204.,164.,36.,128.,0.,5.,0.,13.3,"3,850.",0.,Ranged,Defender,Novice,Physical,B,B,"December 27, 2025"
43.,Ho-Oh,Ho-Oh,6.,"4,812.",215.,187.,41.,146.,0.,5.,0.,14.34,"3,850.",0.,Ranged,Defender,Novice,Physical,B,B,"December 27, 2025"
43.,Ho-Oh,Ho-Oh,7.,"5,184.",227.,213.,46.,166.,0.,5.,0.,15.49,"4,000.",0.,Ranged,Defender,Novice,Physical,B,B,"December 27, 2025"
43.,Ho-Oh,Ho-Oh,8.,"5,594.",240.,241.,52.,188.,0.,5.,0.,16.75,"4,000.",0.,Ranged,Defender,Novice,Physical,B,B,"December 27, 2025"
43.,Ho-Oh,Ho-Oh,9.,"6,046.",255.,272.,59.,212.,0.,10.,0.,18.14,"4,150.",0.,Ranged,Defender,Novice,Physical,B,B,"December 27, 2025"
43.,Ho-Oh,Ho-Oh,10.,"6,544.",271.,307.,66.,239.,0.,10.,0.,19.67,"4,150.",0.,Ranged,Defender,Novice,Physical,B,B,"December 27, 2025"
43.,Ho-Oh,Ho-Oh,11.,"7,093.",289.,345.,74.,269.,0.,10.,0.,21.36,"4,300.",0.,Ranged,Defender,Novice,Physical,B,B,"December 27, 2025"
43.,Ho-Oh,Ho-Oh,12.,"7,697.",309.,387.,83.,302.,0.,10.,0.,23.22,"4,300.",0.,Ranged,Defender,Novice,Physical,B,B,"December 27, 2025"
43.,Ho-Oh,Ho-Oh,13.,"8,362.",330.,433.,93.,338.,0.,10.,0.,25.27,"4,300.",0.,Ranged,Defender,Novice,Physical,B,B,"December 27, 2025"
43.,Ho-Oh,Ho-Oh,14.,"9,094.",354.,484.,104.,377.,0.,10.,0.,27.52,"4,300.",0.,Ranged,Defender,Novice,Physical,B,B,"December 27, 2025"
43.,Ho-Oh,Ho-Oh,15.,"9,900.",380.,540.,116.,420.,0.,10.,0.,30.,"4,300.",0.,Ranged,Defender,Novice,Physical,B,B,"December 27, 2025"
44.,Hoopa,Hoopa,1.,"3,278.",130.,72.,40.,50.,0.,0.,0.,10.,"3,700.",0.,Ranged,Supporter,Expert,Special,A+,A,"December 27, 2025"
44.,Hoopa,Hoopa,2.,"3,443.",136.,80.,61.,55.,0.,0.,0.,11.07,"3,700.",0.,Ranged,Supporter,Expert,Special,A+,A,"December 27, 2025"
44.,Hoopa,Hoopa,3.,"3,624.",143.,89.,84.,61.,0.,0.,0.,12.24,"3,700.",0.,Ranged,Supporter,Expert,Special,A+,A,"December 27, 2025"
44.,Hoopa,Hoopa,4.,"3,823.",151.,99.,109.,67.,0.,0.,0.,13.53,"3,700.",0.,Ranged,Supporter,Expert,Special,A+,A,"December 27, 2025"
44.,Hoopa,Hoopa,5.,"4,041.",160.,110.,136.,74.,0.,5.,0.,14.95,"3,850.",0.,Ranged,Supporter,Expert,Special,A+,A,"December 27, 2025"
44.,Hoopa,Hoopa,6.,"4,282.",169.,122.,166.,82.,0.,5.,0.,16.51,"3,850.",0.,Ranged,Supporter,Expert,Special,A+,A,"December 27, 2025"
44.,Hoopa,Hoopa,7.,"4,547.",179.,135.,199.,91.,0.,5.,0.,18.23,"4,000.",0.,Ranged,Supporter,Expert,Special,A+,A,"December 27, 2025"
44.,Hoopa,Hoopa,8.,"4,839.",190.,149.,236.,100.,0.,5.,0.,20.12,"4,000.",0.,Ranged,Supporter,Expert,Special,A+,A,"December 27, 2025"
44.,Hoopa,Hoopa,9.,"5,161.",203.,165.,276.,110.,0.,10.,0.,22.21,"4,150.",0.,Ranged,Supporter,Expert,Special,A+,A,"December 27, 2025"
44.,Hoopa,Hoopa,10.,"5,516.",217.,182.,320.,122.,0.,10.,0.,24.51,"4,150.",0.,Ranged,Supporter,Expert,Special,A+,A,"December 27, 2025"
44.,Hoopa,Hoopa,11.,"5,906.",232.,201.,369.,135.,0.,10.,0.,27.04,"4,300.",0.,Ranged,Supporter,Expert,Special,A+,A,"December 27, 2025"
44.,Hoopa,Hoopa,12.,"6,335.",249.,222.,423.,149.,0.,10.,0.,29.83,"4,300.",0.,Ranged,Supporter,Expert,Special,A+,A,"December 27, 2025"
44.,Hoopa,Hoopa,13.,"6,808.",267.,245.,482.,164.,0.,10.,0.,32.9,"4,300.",0.,Ranged,Supporter,Expert,Special,A+,A,"December 27, 2025"
44.,Hoopa,Hoopa,14.,"7,329.",287.,271.,547.,181.,0.,10.,0.,36.28,"4,300.",0.,Ranged,Supporter,Expert,Special,A+,A,"December 27, 2025"
44.,Hoopa,Hoopa,15.,"7,902.",309.,299.,619.,200.,0.,10.,0.,40.,"4,300.",0.,Ranged,Supporter,Expert,Special,A+,A,"December 27, 2025"
45.,Inteleon,Inteleon,1.,"3,200.",20.,35.,100.,25.,5.,0.,0.,10.,"3,700.",0.,Ranged,Attacker,Intermediate,Special,A,A,"December 27, 2025"
45.,Inteleon,Inteleon,2.,"3,248.",21.,38.,111.,28.,5.,0.,0.,11.,"3,700.",0.,Ranged,Attacker,Intermediate,Special,A,A,"December 27, 2025"
45.,Inteleon,Inteleon,3.,"3,305.",23.,42.,125.,32.,5.,0.,0.,12.2,"3,700.",0.,Ranged,Attacker,Intermediate,Special,A,A,"December 27, 2025"
45.,Inteleon,Inteleon,4.,"3,374.",25.,47.,142.,37.,5.,0.,0.,13.64,"3,700.",0.,Ranged,Attacker,Intermediate,Special,A,A,"December 27, 2025"
45.,Inteleon,Inteleon,5.,"3,625.",32.,64.,202.,55.,5.,5.,0.,18.88,"3,850.",0.,Ranged,Attacker,Intermediate,Special,A,A,"December 27, 2025"
45.,Inteleon,Inteleon,6.,"3,725.",35.,71.,226.,62.,5.,5.,0.,20.97,"3,850.",0.,Ranged,Attacker,Intermediate,Special,A,A,"December 27, 2025"
45.,Inteleon,Inteleon,7.,"4,180.",48.,101.,335.,94.,5.,5.,0.,30.47,"4,000.",0.,Ranged,Attacker,Intermediate,Special,A,A,"December 27, 2025"
45.,Inteleon,Inteleon,8.,"4,324.",52.,111.,369.,104.,5.,5.,0.,33.47,"4,000.",0.,Ranged,Attacker,Intermediate,Special,A,A,"December 27, 2025"
45.,Inteleon,Inteleon,9.,"4,496.",57.,122.,410.,116.,10.,5.,0.,37.07,"4,150.",0.,Ranged,Attacker,Intermediate,Special,A,A,"December 27, 2025"
45.,Inteleon,Inteleon,10.,"4,703.",63.,136.,459.,131.,10.,5.,0.,41.39,"4,150.",0.,Ranged,Attacker,Intermediate,Special,A,A,"December 27, 2025"
45.,Inteleon,Inteleon,11.,"4,951.",70.,153.,518.,148.,10.,10.,0.,46.58,"4,300.",0.,Ranged,Attacker,Intermediate,Special,A,A,"December 27, 2025"
45.,Inteleon,Inteleon,12.,"5,249.",78.,173.,589.,169.,10.,10.,0.,52.81,"4,300.",0.,Ranged,Attacker,Intermediate,Special,A,A,"December 27, 2025"
45.,Inteleon,Inteleon,13.,"5,606.",88.,197.,674.,194.,10.,10.,0.,60.28,"4,300.",0.,Ranged,Attacker,Intermediate,Special,A,A,"December 27, 2025"
45.,Inteleon,Inteleon,14.,"6,035.",100.,226.,777.,224.,10.,10.,0.,69.24,"4,300.",0.,Ranged,Attacker,Intermediate,Special,A,A,"December 27, 2025"
45.,Inteleon,Inteleon,15.,"6,550.",115.,260.,900.,260.,10.,10.,0.,80.,"4,300.",0.,Ranged,Attacker,Intermediate,Special,A,A,"December 27, 2025"
46.,Lapras,Lapras,1.,"3,300.",160.,90.,90.,75.,0.,0.,0.,10.,"3,700.",0.,Ranged,Defender,Intermediate,Special,C,B,"December 27, 2025"
46.,Lapras,Lapras,2.,"3,531.",165.,109.,102.,91.,0.,0.,0.,10.71,"3,700.",0.,Ranged,Defender,Intermediate,Special,C,B,"December 27, 2025"
46.,Lapras,Lapras,3.,"3,786.",171.,130.,115.,108.,0.,0.,0.,11.49,"3,700.",0.,Ranged,Defender,Intermediate,Special,C,B,"December 27, 2025"
46.,Lapras,Lapras,4.,"4,066.",177.,153.,130.,127.,0.,0.,0.,12.35,"3,700.",0.,Ranged,Defender,Intermediate,Special,C,B,"December 27, 2025"
46.,Lapras,Lapras,5.,"4,373.",184.,178.,146.,148.,0.,5.,0.,13.3,"3,850.",0.,Ranged,Defender,Intermediate,Special,C,B,"December 27, 2025"
46.,Lapras,Lapras,6.,"4,712.",192.,206.,164.,171.,0.,5.,0.,14.34,"3,850.",0.,Ranged,Defender,Intermediate,Special,C,B,"December 27, 2025"
46.,Lapras,Lapras,7.,"5,084.",201.,237.,183.,196.,0.,5.,0.,15.49,"4,000.",0.,Ranged,Defender,Intermediate,Special,C,B,"December 27, 2025"
46.,Lapras,Lapras,8.,"5,494.",210.,271.,204.,224.,0.,5.,0.,16.75,"4,000.",0.,Ranged,Defender,Intermediate,Special,C,B,"December 27, 2025"
46.,Lapras,Lapras,9.,"5,946.",220.,308.,228.,254.,0.,10.,0.,18.14,"4,150.",0.,Ranged,Defender,Intermediate,Special,C,B,"December 27, 2025"
46.,Lapras,Lapras,10.,"6,444.",232.,349.,254.,288.,0.,10.,0.,19.67,"4,150.",0.,Ranged,Defender,Intermediate,Special,C,B,"December 27, 2025"
46.,Lapras,Lapras,11.,"6,993.",245.,394.,283.,325.,0.,10.,0.,21.36,"4,300.",0.,Ranged,Defender,Intermediate,Special,C,B,"December 27, 2025"
46.,Lapras,Lapras,12.,"7,597.",259.,444.,315.,366.,0.,10.,0.,23.22,"4,300.",0.,Ranged,Defender,Intermediate,Special,C,B,"December 27, 2025"
46.,Lapras,Lapras,13.,"8,262.",274.,499.,350.,411.,0.,10.,0.,25.27,"4,300.",0.,Ranged,Defender,Intermediate,Special,C,B,"December 27, 2025"
46.,Lapras,Lapras,14.,"8,994.",291.,559.,388.,460.,0.,10.,0.,27.52,"4,300.",0.,Ranged,Defender,Intermediate,Special,C,B,"December 27, 2025"
46.,Lapras,Lapras,15.,"9,800.",310.,625.,430.,512.,0.,10.,0.,30.,"4,300.",0.,Ranged,Defender,Intermediate,Special,C,B,"December 27, 2025"
47.,Latias,Latias,1.,"3,300.",120.,60.,100.,60.,0.,0.,0.,10.,"3,700.",0.,Ranged,Supporter,Novice,Special,A+,A,"December 27, 2025"
47.,Latias,Latias,2.,"3,489.",127.,69.,127.,69.,0.,0.,0.,10.36,"3,700.",0.,Ranged,Supporter,Novice,Special,A+,A,"December 27, 2025"
47.,Latias,Latias,3.,"3,697.",135.,78.,156.,79.,0.,0.,0.,10.75,"3,700.",0.,Ranged,Supporter,Novice,Special,A+,A,"December 27, 2025"
47.,Latias,Latias,4.,"3,925.",144.,88.,188.,90.,0.,0.,0.,11.18,"3,700.",0.,Ranged,Supporter,Novice,Special,A+,A,"December 27, 2025"
47.,Latias,Latias,5.,"4,175.",154.,99.,223.,102.,0.,5.,0.,11.65,"3,850.",0.,Ranged,Supporter,Novice,Special,A+,A,"December 27, 2025"
47.,Latias,Latias,6.,"4,451.",165.,112.,262.,116.,0.,5.,0.,12.17,"3,850.",0.,Ranged,Supporter,Novice,Special,A+,A,"December 27, 2025"
47.,Latias,Latias,7.,"4,755.",177.,126.,305.,131.,0.,5.,0.,12.74,"4,000.",0.,Ranged,Supporter,Novice,Special,A+,A,"December 27, 2025"
47.,Latias,Latias,8.,"5,089.",190.,141.,352.,148.,0.,5.,0.,13.37,"4,000.",0.,Ranged,Supporter,Novice,Special,A+,A,"December 27, 2025"
47.,Latias,Latias,9.,"5,458.",205.,158.,404.,166.,0.,10.,0.,14.07,"4,150.",0.,Ranged,Supporter,Novice,Special,A+,A,"December 27, 2025"
47.,Latias,Latias,10.,"5,864.",221.,176.,462.,186.,0.,10.,0.,14.84,"4,150.",0.,Ranged,Supporter,Novice,Special,A+,A,"December 27, 2025"
47.,Latias,Latias,11.,"6,312.",239.,196.,525.,208.,0.,10.,0.,15.68,"4,300.",0.,Ranged,Supporter,Novice,Special,A+,A,"December 27, 2025"
47.,Latias,Latias,12.,"6,804.",259.,218.,595.,232.,0.,10.,0.,16.61,"4,300.",0.,Ranged,Supporter,Novice,Special,A+,A,"December 27, 2025"
47.,Latias,Latias,13.,"7,346.",280.,243.,672.,259.,0.,10.,0.,17.63,"4,300.",0.,Ranged,Supporter,Novice,Special,A+,A,"December 27, 2025"
47.,Latias,Latias,14.,"7,943.",304.,270.,757.,288.,0.,10.,0.,18.76,"4,300.",0.,Ranged,Supporter,Novice,Special,A+,A,"December 27, 2025"
47.,Latias,Latias,15.,"8,600.",330.,300.,850.,320.,0.,10.,0.,20.,"4,300.",0.,Ranged,Supporter,Novice,Special,A+,A,"December 27, 2025"
48.,Latios,Latios,1.,"3,300.",120.,60.,100.,60.,0.,0.,0.,10.,"3,700.",0.,Ranged,Attacker,Intermediate,Special,B+,A,"December 27, 2025"
48.,Latios,Latios,2.,"3,403.",127.,67.,128.,68.,0.,0.,0.,10.36,"3,700.",0.,Ranged,Attacker,Intermediate,Special,B+,A,"December 27, 2025"
48.,Latios,Latios,3.,"3,517.",134.,75.,159.,77.,0.,0.,0.,10.75,"3,700.",0.,Ranged,Attacker,Intermediate,Special,B+,A,"December 27, 2025"
48.,Latios,Latios,4.,"3,642.",142.,84.,193.,87.,0.,0.,0.,11.18,"3,700.",0.,Ranged,Attacker,Intermediate,Special,B+,A,"December 27, 2025"
48.,Latios,Latios,5.,"3,779.",151.,93.,231.,98.,0.,5.,0.,11.65,"3,850.",0.,Ranged,Attacker,Intermediate,Special,B+,A,"December 27, 2025"
48.,Latios,Latios,6.,"3,930.",161.,103.,273.,110.,0.,5.,0.,12.17,"3,850.",0.,Ranged,Attacker,Intermediate,Special,B+,A,"December 27, 2025"
48.,Latios,Latios,7.,"4,096.",172.,114.,319.,123.,0.,5.,0.,12.74,"4,000.",0.,Ranged,Attacker,Intermediate,Special,B+,A,"December 27, 2025"
48.,Latios,Latios,8.,"4,279.",184.,127.,370.,138.,0.,5.,0.,13.37,"4,000.",0.,Ranged,Attacker,Intermediate,Special,B+,A,"December 27, 2025"
48.,Latios,Latios,9.,"4,481.",197.,141.,426.,154.,0.,15.,0.,14.07,"4,150.",0.,Ranged,Attacker,Intermediate,Special,B+,A,"December 27, 2025"
48.,Latios,Latios,10.,"4,703.",212.,156.,487.,172.,0.,15.,0.,14.84,"4,150.",0.,Ranged,Attacker,Intermediate,Special,B+,A,"December 27, 2025"
48.,Latios,Latios,11.,"4,948.",228.,173.,555.,191.,0.,15.,0.,15.68,"4,300.",0.,Ranged,Attacker,Intermediate,Special,B+,A,"December 27, 2025"
48.,Latios,Latios,12.,"5,217.",246.,192.,629.,212.,0.,15.,0.,16.61,"4,300.",0.,Ranged,Attacker,Intermediate,Special,B+,A,"December 27, 2025"
48.,Latios,Latios,13.,"5,514.",265.,212.,711.,236.,0.,25.,0.,17.63,"4,300.",0.,Ranged,Attacker,Intermediate,Special,B+,A,"December 27, 2025"
48.,Latios,Latios,14.,"5,841.",286.,235.,801.,262.,0.,25.,0.,18.76,"4,300.",0.,Ranged,Attacker,Intermediate,Special,B+,A,"December 27, 2025"
48.,Latios,Latios,15.,"6,200.",310.,260.,900.,291.,0.,25.,0.,20.,"4,300.",0.,Ranged,Attacker,Intermediate,Special,B+,A,"December 27, 2025"
49.,Leafeon,Leafeon,1.,"3,100.",160.,40.,20.,30.,0.,0.,0.,10.,"3,650.",0.,Melee,Speedster,Intermediate,Physical,A+,A,"December 27, 2025"
49.,Leafeon,Leafeon,2.,"3,170.",171.,46.,22.,34.,0.,0.,0.,10.44,"3,650.",4.,Melee,Speedster,Intermediate,Physical,A+,A,"December 27, 2025"
49.,Leafeon,Leafeon,3.,"3,250.",184.,52.,24.,39.,0.,0.,0.,10.95,"3,650.",9.,Melee,Speedster,Intermediate,Physical,A+,A,"December 27, 2025"
49.,Leafeon,Leafeon,4.,"3,658.",249.,84.,36.,62.,0.,0.,0.,13.54,"3,650.",13.,Melee,Speedster,Intermediate,Physical,A+,A,"December 27, 2025"
49.,Leafeon,Leafeon,5.,"3,764.",266.,92.,39.,68.,5.,10.,0.,14.22,"3,800.",17.,Melee,Speedster,Intermediate,Physical,A+,A,"December 27, 2025"
49.,Leafeon,Leafeon,6.,"3,886.",285.,102.,43.,75.,5.,10.,0.,15.,"3,800.",21.,Melee,Speedster,Intermediate,Physical,A+,A,"December 27, 2025"
49.,Leafeon,Leafeon,7.,"4,027.",307.,113.,47.,83.,5.,10.,0.,15.89,"3,950.",26.,Melee,Speedster,Intermediate,Physical,A+,A,"December 27, 2025"
49.,Leafeon,Leafeon,8.,"4,189.",333.,126.,52.,92.,5.,10.,0.,16.92,"3,950.",30.,Melee,Speedster,Intermediate,Physical,A+,A,"December 27, 2025"
49.,Leafeon,Leafeon,9.,"4,375.",363.,141.,58.,103.,10.,20.,0.,18.1,"4,100.",34.,Melee,Speedster,Intermediate,Physical,A+,A,"December 27, 2025"
49.,Leafeon,Leafeon,10.,"4,589.",397.,158.,65.,115.,10.,20.,0.,19.46,"4,100.",39.,Melee,Speedster,Intermediate,Physical,A+,A,"December 27, 2025"
49.,Leafeon,Leafeon,11.,"4,835.",436.,178.,73.,129.,10.,20.,0.,21.02,"4,250.",43.,Melee,Speedster,Intermediate,Physical,A+,A,"December 27, 2025"
49.,Leafeon,Leafeon,12.,"5,118.",481.,200.,82.,145.,10.,20.,0.,22.82,"4,250.",47.,Melee,Speedster,Intermediate,Physical,A+,A,"December 27, 2025"
49.,Leafeon,Leafeon,13.,"5,444.",533.,226.,92.,164.,10.,20.,0.,24.89,"4,250.",51.,Melee,Speedster,Intermediate,Physical,A+,A,"December 27, 2025"
49.,Leafeon,Leafeon,14.,"5,819.",592.,256.,103.,185.,10.,20.,0.,27.27,"4,250.",56.,Melee,Speedster,Intermediate,Physical,A+,A,"December 27, 2025"
49.,Leafeon,Leafeon,15.,"6,250.",660.,290.,116.,210.,10.,20.,0.,30.,"4,250.",60.,Melee,Speedster,Intermediate,Physical,A+,A,"December 27, 2025"
50.,Lucario,Lucario,1.,"3,250.",160.,78.,20.,60.,0.,0.,0.,10.,"3,700.",0.,Melee,All-Rounder,Expert,Physical,B+,B,"December 27, 2025"
50.,Lucario,Lucario,2.,"3,392.",170.,89.,23.,69.,0.,0.,0.,11.07,"3,700.",0.,Melee,All-Rounder,Expert,Physical,B+,B,"December 27, 2025"
50.,Lucario,Lucario,3.,"3,549.",180.,101.,27.,78.,0.,0.,0.,12.24,"3,700.",0.,Melee,All-Rounder,Expert,Physical,B+,B,"December 27, 2025"
50.,Lucario,Lucario,4.,"3,721.",192.,114.,31.,88.,0.,0.,0.,13.53,"3,700.",0.,Melee,All-Rounder,Expert,Physical,B+,B,"December 27, 2025"
50.,Lucario,Lucario,5.,"3,910.",205.,129.,35.,99.,10.,0.,5.,14.95,"3,850.",0.,Melee,All-Rounder,Expert,Physical,B+,B,"December 27, 2025"
50.,Lucario,Lucario,6.,"4,118.",219.,145.,40.,112.,10.,0.,5.,16.51,"3,850.",0.,Melee,All-Rounder,Expert,Physical,B+,B,"December 27, 2025"
50.,Lucario,Lucario,7.,"4,347.",234.,163.,45.,126.,10.,0.,5.,18.23,"4,000.",0.,Melee,All-Rounder,Expert,Physical,B+,B,"December 27, 2025"
50.,Lucario,Lucario,8.,"4,599.",251.,183.,51.,141.,10.,0.,5.,20.12,"4,000.",0.,Melee,All-Rounder,Expert,Physical,B+,B,"December 27, 2025"
50.,Lucario,Lucario,9.,"4,877.",270.,205.,58.,158.,20.,0.,10.,22.21,"4,150.",0.,Melee,All-Rounder,Expert,Physical,B+,B,"December 27, 2025"
50.,Lucario,Lucario,10.,"5,184.",291.,229.,65.,176.,20.,0.,10.,24.51,"4,150.",0.,Melee,All-Rounder,Expert,Physical,B+,B,"December 27, 2025"
50.,Lucario,Lucario,11.,"5,522.",314.,255.,73.,196.,20.,0.,10.,27.04,"4,300.",0.,Melee,All-Rounder,Expert,Physical,B+,B,"December 27, 2025"
50.,Lucario,Lucario,12.,"5,894.",339.,284.,82.,218.,20.,0.,10.,29.83,"4,300.",0.,Melee,All-Rounder,Expert,Physical,B+,B,"December 27, 2025"
50.,Lucario,Lucario,13.,"6,303.",366.,316.,92.,243.,20.,0.,15.,32.9,"4,300.",0.,Melee,All-Rounder,Expert,Physical,B+,B,"December 27, 2025"
50.,Lucario,Lucario,14.,"6,753.",396.,351.,103.,270.,20.,0.,15.,36.28,"4,300.",0.,Melee,All-Rounder,Expert,Physical,B+,B,"December 27, 2025"
50.,Lucario,Lucario,15.,"7,249.",429.,390.,115.,300.,20.,0.,15.,40.,"4,300.",0.,Melee,All-Rounder,Expert,Physical,B+,B,"December 27, 2025"
51.,Mega-Lucario,Mega Lucario,1.,"3,250.",160.,78.,20.,60.,0.,0.,0.,10.,"3,700.",0.,Melee,All-Rounder,Expert,Physical,A,A,"December 27, 2025"
51.,Mega-Lucario,Mega Lucario,2.,"3,392.",170.,89.,23.,69.,0.,0.,0.,11.07,"3,700.",0.,Melee,All-Rounder,Expert,Physical,A,A,"December 27, 2025"
51.,Mega-Lucario,Mega Lucario,3.,"3,549.",180.,101.,27.,78.,0.,0.,0.,12.24,"3,700.",0.,Melee,All-Rounder,Expert,Physical,A,A,"December 27, 2025"
51.,Mega-Lucario,Mega Lucario,4.,"3,721.",192.,114.,31.,88.,0.,0.,0.,13.53,"3,700.",0.,Melee,All-Rounder,Expert,Physical,A,A,"December 27, 2025"
51.,Mega-Lucario,Mega Lucario,5.,"3,910.",205.,129.,35.,99.,10.,0.,5.,14.95,"3,850.",0.,Melee,All-Rounder,Expert,Physical,A,A,"December 27, 2025"
51.,Mega-Lucario,Mega Lucario,6.,"4,118.",219.,145.,40.,112.,10.,0.,5.,16.51,"3,850.",0.,Melee,All-Rounder,Expert,Physical,A,A,"December 27, 2025"
51.,Mega-Lucario,Mega Lucario,7.,"4,347.",234.,163.,45.,126.,10.,0.,5.,18.23,"4,000.",0.,Melee,All-Rounder,Expert,Physical,A,A,"December 27, 2025"
51.,Mega-Lucario,Mega Lucario,8.,"4,599.",251.,183.,51.,141.,10.,0.,5.,20.12,"4,000.",0.,Melee,All-Rounder,Expert,Physical,A,A,"December 27, 2025"
51.,Mega-Lucario,Mega Lucario,9.,"4,877.",270.,205.,58.,158.,20.,0.,10.,22.21,"4,150.",0.,Melee,All-Rounder,Expert,Physical,A,A,"December 27, 2025"
51.,Mega-Lucario,Mega Lucario,10.,"5,184.",291.,229.,65.,176.,20.,0.,10.,24.51,"4,150.",0.,Melee,All-Rounder,Expert,Physical,A,A,"December 27, 2025"
51.,Mega-Lucario,Mega Lucario,11.,"5,522.",314.,255.,73.,196.,20.,0.,10.,27.04,"4,300.",0.,Melee,All-Rounder,Expert,Physical,A,A,"December 27, 2025"
51.,Mega-Lucario,Mega Lucario,12.,"5,894.",339.,284.,82.,218.,20.,0.,10.,29.83,"4,300.",0.,Melee,All-Rounder,Expert,Physical,A,A,"December 27, 2025"
51.,Mega-Lucario,Mega Lucario,13.,"6,303.",366.,316.,92.,243.,20.,0.,15.,32.9,"4,300.",0.,Melee,All-Rounder,Expert,Physical,A,A,"December 27, 2025"
51.,Mega-Lucario,Mega Lucario,14.,"6,753.",396.,351.,103.,270.,20.,0.,15.,36.28,"4,300.",0.,Melee,All-Rounder,Expert,Physical,A,A,"December 27, 2025"
51.,Mega-Lucario,Mega Lucario,15.,"7,249.",429.,390.,115.,300.,20.,0.,15.,40.,"4,300.",0.,Melee,All-Rounder,Expert,Physical,A,A,"December 27, 2025"
52.,Machamp,Machamp,1.,"3,250.",165.,100.,20.,70.,0.,0.,0.,10.,"3,700.",0.,Melee,All-Rounder,Intermediate,Physical,A,S,"December 27, 2025"
52.,Machamp,Machamp,2.,"3,313.",170.,106.,21.,74.,0.,0.,0.,10.29,"3,700.",0.,Melee,All-Rounder,Intermediate,Physical,A,S,"December 27, 2025"
52.,Machamp,Machamp,3.,"3,389.",175.,113.,23.,79.,0.,0.,0.,10.63,"3,700.",0.,Melee,All-Rounder,Intermediate,Physical,A,S,"December 27, 2025"
52.,Machamp,Machamp,4.,"3,480.",181.,121.,25.,85.,0.,0.,0.,11.04,"3,700.",0.,Melee,All-Rounder,Intermediate,Physical,A,S,"December 27, 2025"
52.,Machamp,Machamp,5.,"3,809.",205.,152.,32.,106.,10.,0.,5.,12.54,"3,850.",0.,Melee,All-Rounder,Intermediate,Physical,A,S,"December 27, 2025"
52.,Machamp,Machamp,6.,"3,940.",214.,164.,35.,114.,10.,0.,5.,13.14,"3,850.",0.,Melee,All-Rounder,Intermediate,Physical,A,S,"December 27, 2025"
52.,Machamp,Machamp,7.,"4,097.",225.,179.,38.,124.,10.,0.,10.,13.86,"4,000.",0.,Melee,All-Rounder,Intermediate,Physical,A,S,"December 27, 2025"
52.,Machamp,Machamp,8.,"4,286.",239.,197.,42.,136.,10.,0.,10.,14.72,"4,000.",0.,Melee,All-Rounder,Intermediate,Physical,A,S,"December 27, 2025"
52.,Machamp,Machamp,9.,"4,953.",287.,259.,56.,178.,20.,0.,15.,17.75,"4,150.",0.,Melee,All-Rounder,Intermediate,Physical,A,S,"December 27, 2025"
52.,Machamp,Machamp,10.,"5,225.",306.,284.,62.,195.,20.,0.,15.,18.98,"4,150.",0.,Melee,All-Rounder,Intermediate,Physical,A,S,"December 27, 2025"
52.,Machamp,Machamp,11.,"5,551.",329.,314.,69.,216.,20.,0.,15.,20.46,"4,300.",0.,Melee,All-Rounder,Intermediate,Physical,A,S,"December 27, 2025"
52.,Machamp,Machamp,12.,"5,942.",357.,350.,77.,241.,20.,0.,15.,22.24,"4,300.",0.,Melee,All-Rounder,Intermediate,Physical,A,S,"December 27, 2025"
52.,Machamp,Machamp,13.,"6,411.",391.,394.,87.,271.,20.,0.,20.,24.37,"4,300.",0.,Melee,All-Rounder,Intermediate,Physical,A,S,"December 27, 2025"
52.,Machamp,Machamp,14.,"6,974.",431.,447.,99.,307.,20.,0.,20.,26.93,"4,300.",0.,Melee,All-Rounder,Intermediate,Physical,A,S,"December 27, 2025"
52.,Machamp,Machamp,15.,"7,650.",479.,510.,114.,350.,20.,0.,20.,30.,"4,300.",0.,Melee,All-Rounder,Intermediate,Physical,A,S,"December 27, 2025"
53.,Mamoswine,Mamoswine,1.,"3,450.",170.,108.,20.,96.,0.,0.,0.,10.,"3,600.",0.,Melee,Defender,Intermediate,Physical,A,A,"December 27, 2025"
53.,Mamoswine,Mamoswine,2.,"3,543.",172.,114.,21.,101.,0.,0.,0.,10.29,"3,600.",0.,Melee,Defender,Intermediate,Physical,A,A,"December 27, 2025"
53.,Mamoswine,Mamoswine,3.,"3,654.",175.,122.,23.,106.,0.,0.,0.,10.63,"3,600.",0.,Melee,Defender,Intermediate,Physical,A,A,"December 27, 2025"
53.,Mamoswine,Mamoswine,4.,"3,787.",178.,131.,25.,112.,0.,0.,0.,11.04,"3,600.",0.,Melee,Defender,Intermediate,Physical,A,A,"December 27, 2025"
53.,Mamoswine,Mamoswine,5.,"4,270.",190.,163.,32.,136.,0.,5.,0.,12.54,"3,750.",0.,Melee,Defender,Intermediate,Physical,A,A,"December 27, 2025"
53.,Mamoswine,Mamoswine,6.,"4,462.",194.,176.,35.,145.,0.,5.,0.,13.14,"3,750.",0.,Melee,Defender,Intermediate,Physical,A,A,"December 27, 2025"
53.,Mamoswine,Mamoswine,7.,"4,692.",200.,191.,38.,156.,0.,5.,0.,13.86,"3,900.",0.,Melee,Defender,Intermediate,Physical,A,A,"December 27, 2025"
53.,Mamoswine,Mamoswine,8.,"4,969.",206.,210.,42.,170.,0.,5.,0.,14.72,"3,900.",0.,Melee,Defender,Intermediate,Physical,A,A,"December 27, 2025"
53.,Mamoswine,Mamoswine,9.,"5,946.",230.,275.,57.,217.,0.,10.,0.,17.75,"4,050.",0.,Melee,Defender,Intermediate,Physical,A,A,"December 27, 2025"
53.,Mamoswine,Mamoswine,10.,"6,344.",240.,302.,63.,237.,0.,10.,0.,18.98,"4,050.",0.,Melee,Defender,Intermediate,Physical,A,A,"December 27, 2025"
53.,Mamoswine,Mamoswine,11.,"6,821.",251.,334.,70.,260.,0.,10.,0.,20.46,"4,200.",0.,Melee,Defender,Intermediate,Physical,A,A,"December 27, 2025"
53.,Mamoswine,Mamoswine,12.,"7,395.",265.,372.,79.,288.,0.,10.,0.,22.24,"4,200.",0.,Melee,Defender,Intermediate,Physical,A,A,"December 27, 2025"
53.,Mamoswine,Mamoswine,13.,"8,083.",281.,418.,89.,322.,0.,10.,0.,24.37,"4,200.",0.,Melee,Defender,Intermediate,Physical,A,A,"December 27, 2025"
53.,Mamoswine,Mamoswine,14.,"8,909.",301.,474.,101.,362.,0.,10.,0.,26.93,"4,200.",0.,Melee,Defender,Intermediate,Physical,A,A,"December 27, 2025"
53.,Mamoswine,Mamoswine,15.,"9,900.",325.,540.,116.,410.,0.,10.,0.,30.,"4,200.",0.,Melee,Defender,Intermediate,Physical,A,A,"December 27, 2025"
54.,Meganium,Meganium,1.,"3,640.",20.,98.,106.,98.,0.,0.,0.,10.,"3,700.",0.,Melee,Supporter,Novice,Special,A,S,"June 21, 2026"
54.,Meganium,Meganium,2.,"3,726.",21.,104.,113.,104.,0.,0.,0.,10.14,"3,700.",0.,Melee,Supporter,Novice,Special,A,S,"June 21, 2026"
54.,Meganium,Meganium,3.,"3,828.",23.,111.,121.,111.,0.,0.,0.,10.32,"3,700.",0.,Melee,Supporter,Novice,Special,A,S,"June 21, 2026"
54.,Meganium,Meganium,4.,"3,952.",25.,120.,131.,120.,0.,0.,0.,10.52,"3,700.",0.,Melee,Supporter,Novice,Special,A,S,"June 21, 2026"
54.,Meganium,Meganium,5.,"4,397.",32.,152.,166.,152.,0.,5.,0.,11.27,"3,850.",0.,Melee,Supporter,Novice,Special,A,S,"June 21, 2026"
54.,Meganium,Meganium,6.,"4,575.",35.,164.,180.,164.,0.,5.,0.,11.57,"3,850.",0.,Melee,Supporter,Novice,Special,A,S,"June 21, 2026"
54.,Meganium,Meganium,7.,"5,384.",48.,221.,245.,221.,0.,5.,0.,12.93,"4,000.",0.,Melee,Supporter,Novice,Special,A,S,"June 21, 2026"
54.,Meganium,Meganium,8.,"5,639.",52.,240.,265.,240.,0.,5.,0.,13.35,"4,000.",0.,Melee,Supporter,Novice,Special,A,S,"June 21, 2026"
54.,Meganium,Meganium,9.,"5,946.",57.,261.,289.,261.,0.,10.,0.,13.87,"4,150.",0.,Melee,Supporter,Novice,Special,A,S,"June 21, 2026"
54.,Meganium,Meganium,10.,"6,314.",63.,287.,319.,287.,0.,10.,0.,14.49,"4,150.",0.,Melee,Supporter,Novice,Special,A,S,"June 21, 2026"
54.,Meganium,Meganium,11.,"6,755.",70.,319.,354.,319.,0.,10.,0.,15.23,"4,300.",0.,Melee,Supporter,Novice,Special,A,S,"June 21, 2026"
54.,Meganium,Meganium,12.,"7,285.",79.,356.,396.,356.,0.,10.,0.,16.12,"4,300.",0.,Melee,Supporter,Novice,Special,A,S,"June 21, 2026"
54.,Meganium,Meganium,13.,"7,921.",89.,401.,446.,401.,0.,10.,0.,17.18,"4,300.",0.,Melee,Supporter,Novice,Special,A,S,"June 21, 2026"
54.,Meganium,Meganium,14.,"8,684.",101.,455.,507.,455.,0.,10.,0.,18.46,"4,300.",0.,Melee,Supporter,Novice,Special,A,S,"June 21, 2026"
54.,Meganium,Meganium,15.,"9,600.",116.,520.,580.,520.,0.,10.,0.,20.,"4,300.",0.,Melee,Supporter,Novice,Special,A,S,"June 21, 2026"
55.,Meowscarada,Meowscarada,1.,"3,100.",160.,50.,20.,40.,0.,0.,0.,10.,"3,650.",0.,Melee,Speedster,Intermediate,Physical,C,B,"December 27, 2025"
55.,Meowscarada,Meowscarada,2.,"3,149.",167.,54.,21.,43.,0.,0.,0.,10.43,"3,650.",4.,Melee,Speedster,Intermediate,Physical,C,B,"December 27, 2025"
55.,Meowscarada,Meowscarada,3.,"3,207.",175.,59.,23.,46.,0.,0.,0.,10.95,"3,650.",9.,Melee,Speedster,Intermediate,Physical,C,B,"December 27, 2025"
55.,Meowscarada,Meowscarada,4.,"3,446.",208.,79.,30.,59.,0.,0.,0.,13.07,"3,650.",13.,Melee,Speedster,Intermediate,Physical,C,B,"December 27, 2025"
55.,Meowscarada,Meowscarada,5.,"3,530.",220.,86.,32.,64.,5.,10.,0.,13.81,"3,800.",17.,Melee,Speedster,Intermediate,Physical,C,B,"December 27, 2025"
55.,Meowscarada,Meowscarada,6.,"3,970.",281.,124.,44.,89.,5.,10.,0.,17.7,"3,800.",21.,Melee,Speedster,Intermediate,Physical,C,B,"December 27, 2025"
55.,Meowscarada,Meowscarada,7.,"4,091.",298.,134.,47.,96.,5.,10.,0.,18.77,"3,950.",26.,Melee,Speedster,Intermediate,Physical,C,B,"December 27, 2025"
55.,Meowscarada,Meowscarada,8.,"4,237.",318.,146.,51.,104.,5.,10.,0.,20.06,"3,950.",30.,Melee,Speedster,Intermediate,Physical,C,B,"December 27, 2025"
55.,Meowscarada,Meowscarada,9.,"4,412.",342.,161.,56.,114.,10.,20.,0.,21.61,"4,100.",34.,Melee,Speedster,Intermediate,Physical,C,B,"December 27, 2025"
55.,Meowscarada,Meowscarada,10.,"4,621.",371.,179.,62.,126.,10.,20.,0.,23.46,"4,100.",39.,Melee,Speedster,Intermediate,Physical,C,B,"December 27, 2025"
55.,Meowscarada,Meowscarada,11.,"4,872.",406.,201.,69.,140.,10.,20.,0.,25.68,"4,250.",43.,Melee,Speedster,Intermediate,Physical,C,B,"December 27, 2025"
55.,Meowscarada,Meowscarada,12.,"5,174.",448.,227.,77.,157.,10.,20.,0.,28.35,"4,250.",47.,Melee,Speedster,Intermediate,Physical,C,B,"December 27, 2025"
55.,Meowscarada,Meowscarada,13.,"5,536.",498.,258.,87.,177.,10.,20.,0.,31.55,"4,250.",51.,Melee,Speedster,Intermediate,Physical,C,B,"December 27, 2025"
55.,Meowscarada,Meowscarada,14.,"5,970.",558.,295.,99.,201.,10.,20.,0.,35.39,"4,250.",56.,Melee,Speedster,Intermediate,Physical,C,B,"December 27, 2025"
55.,Meowscarada,Meowscarada,15.,"6,490.",630.,340.,114.,230.,10.,20.,0.,40.,"4,250.",60.,Melee,Speedster,Intermediate,Physical,C,B,"December 27, 2025"
56.,Meowth,Meowth,1.,"3,320.",178.,72.,20.,72.,0.,0.,0.,10.,"3,700.",0.,Melee,Speedster,Intermediate,Physical,A,A,"March 15, 2026"
56.,Meowth,Meowth,2.,"3,452.",194.,80.,23.,80.,0.,0.,0.,11.07,"3,700.",0.,Melee,Speedster,Intermediate,Physical,A,A,"March 15, 2026"
56.,Meowth,Meowth,3.,"3,596.",212.,89.,27.,89.,0.,0.,0.,12.25,"3,700.",0.,Melee,Speedster,Intermediate,Physical,A,A,"March 15, 2026"
56.,Meowth,Meowth,4.,"3,755.",231.,99.,31.,99.,0.,0.,0.,13.55,"3,700.",0.,Melee,Speedster,Intermediate,Physical,A,A,"March 15, 2026"
56.,Meowth,Meowth,5.,"3,930.",253.,110.,36.,110.,5.,10.,0.,14.97,"3,850.",0.,Melee,Speedster,Intermediate,Physical,A,A,"March 15, 2026"
56.,Meowth,Meowth,6.,"4,123.",277.,122.,41.,122.,5.,10.,0.,16.54,"3,850.",0.,Melee,Speedster,Intermediate,Physical,A,A,"March 15, 2026"
56.,Meowth,Meowth,7.,"4,335.",303.,135.,46.,135.,5.,10.,0.,18.27,"4,000.",0.,Melee,Speedster,Intermediate,Physical,A,A,"March 15, 2026"
56.,Meowth,Meowth,8.,"4,568.",331.,149.,53.,149.,5.,10.,0.,20.17,"4,000.",0.,Melee,Speedster,Intermediate,Physical,A,A,"March 15, 2026"
56.,Meowth,Meowth,9.,"4,824.",363.,165.,59.,165.,10.,20.,0.,22.26,"4,150.",0.,Melee,Speedster,Intermediate,Physical,A,A,"March 15, 2026"
56.,Meowth,Meowth,10.,"5,106.",397.,183.,67.,183.,10.,20.,0.,24.56,"4,150.",0.,Melee,Speedster,Intermediate,Physical,A,A,"March 15, 2026"
56.,Meowth,Meowth,11.,"5,416.",435.,202.,75.,202.,10.,20.,0.,27.09,"4,300.",0.,Melee,Speedster,Intermediate,Physical,A,A,"March 15, 2026"
56.,Meowth,Meowth,12.,"5,757.",477.,223.,84.,223.,10.,20.,0.,29.87,"4,300.",0.,Melee,Speedster,Intermediate,Physical,A,A,"March 15, 2026"
56.,Meowth,Meowth,13.,"6,133.",523.,246.,93.,246.,10.,20.,0.,32.93,"4,300.",0.,Melee,Speedster,Intermediate,Physical,A,A,"March 15, 2026"
56.,Meowth,Meowth,14.,"6,545.",574.,272.,104.,272.,10.,20.,0.,36.29,"4,300.",0.,Melee,Speedster,Intermediate,Physical,A,A,"March 15, 2026"
56.,Meowth,Meowth,15.,"7,000.",630.,300.,116.,300.,10.,20.,0.,40.,"4,300.",0.,Melee,Speedster,Intermediate,Physical,A,A,"March 15, 2026"
57.,Metagross,Metagross,1.,"3,100.",160.,85.,20.,70.,0.,0.,0.,10.,"3,700.",0.,Melee,All-Rounder,Intermediate,Physical,B+,A,"December 27, 2025"
57.,Metagross,Metagross,2.,"3,172.",165.,92.,21.,75.,0.,0.,0.,10.29,"3,700.",0.,Melee,All-Rounder,Intermediate,Physical,B+,A,"December 27, 2025"
57.,Metagross,Metagross,3.,"3,259.",171.,100.,23.,81.,0.,0.,0.,10.63,"3,700.",0.,Melee,All-Rounder,Intermediate,Physical,B+,A,"December 27, 2025"
57.,Metagross,Metagross,4.,"3,363.",179.,110.,25.,88.,0.,0.,0.,11.04,"3,700.",0.,Melee,All-Rounder,Intermediate,Physical,B+,A,"December 27, 2025"
57.,Metagross,Metagross,5.,"3,741.",207.,145.,32.,113.,10.,0.,5.,12.54,"3,850.",0.,Melee,All-Rounder,Intermediate,Physical,B+,A,"December 27, 2025"
57.,Metagross,Metagross,6.,"3,891.",218.,159.,35.,123.,10.,0.,5.,13.14,"3,850.",0.,Melee,All-Rounder,Intermediate,Physical,B+,A,"December 27, 2025"
57.,Metagross,Metagross,7.,"4,072.",231.,176.,38.,135.,10.,0.,5.,13.86,"4,000.",0.,Melee,All-Rounder,Intermediate,Physical,B+,A,"December 27, 2025"
57.,Metagross,Metagross,8.,"4,289.",247.,196.,42.,150.,10.,0.,5.,14.72,"4,000.",0.,Melee,All-Rounder,Intermediate,Physical,B+,A,"December 27, 2025"
57.,Metagross,Metagross,9.,"5,054.",303.,266.,56.,202.,20.,0.,10.,17.75,"4,150.",0.,Melee,All-Rounder,Intermediate,Physical,B+,A,"December 27, 2025"
57.,Metagross,Metagross,10.,"5,366.",326.,295.,62.,223.,20.,0.,10.,18.98,"4,150.",0.,Melee,All-Rounder,Intermediate,Physical,B+,A,"December 27, 2025"
57.,Metagross,Metagross,11.,"5,740.",353.,329.,69.,248.,20.,0.,10.,20.46,"4,300.",0.,Melee,All-Rounder,Intermediate,Physical,B+,A,"December 27, 2025"
57.,Metagross,Metagross,12.,"6,189.",386.,370.,77.,278.,20.,0.,10.,22.24,"4,300.",0.,Melee,All-Rounder,Intermediate,Physical,B+,A,"December 27, 2025"
57.,Metagross,Metagross,13.,"6,728.",426.,420.,87.,314.,20.,0.,15.,24.37,"4,300.",0.,Melee,All-Rounder,Intermediate,Physical,B+,A,"December 27, 2025"
57.,Metagross,Metagross,14.,"7,374.",473.,479.,99.,358.,20.,0.,15.,26.93,"4,300.",0.,Melee,All-Rounder,Intermediate,Physical,B+,A,"December 27, 2025"
57.,Metagross,Metagross,15.,"8,150.",530.,550.,114.,410.,20.,0.,15.,30.,"4,300.",0.,Melee,All-Rounder,Intermediate,Physical,B+,A,"December 27, 2025"
58.,Mew,Mew,1.,"3,300.",130.,50.,90.,50.,0.,0.,0.,10.,"3,700.",0.,Ranged,Attacker,Expert,Special,A+,B,"December 27, 2025"
58.,Mew,Mew,2.,"3,414.",136.,56.,119.,55.,0.,0.,0.,10.36,"3,700.",0.,Ranged,Attacker,Expert,Special,A+,B,"December 27, 2025"
58.,Mew,Mew,3.,"3,539.",143.,63.,151.,60.,0.,0.,0.,10.75,"3,700.",0.,Ranged,Attacker,Expert,Special,A+,B,"December 27, 2025"
58.,Mew,Mew,4.,"3,677.",150.,71.,186.,66.,0.,0.,0.,11.18,"3,700.",0.,Ranged,Attacker,Expert,Special,A+,B,"December 27, 2025"
58.,Mew,Mew,5.,"3,828.",158.,80.,224.,72.,0.,5.,0.,11.65,"3,850.",0.,Ranged,Attacker,Expert,Special,A+,B,"December 27, 2025"
58.,Mew,Mew,6.,"3,995.",167.,89.,266.,79.,0.,5.,0.,12.17,"3,850.",0.,Ranged,Attacker,Expert,Special,A+,B,"December 27, 2025"
58.,Mew,Mew,7.,"4,178.",177.,99.,312.,86.,0.,5.,0.,12.74,"4,000.",0.,Ranged,Attacker,Expert,Special,A+,B,"December 27, 2025"
58.,Mew,Mew,8.,"4,380.",188.,110.,363.,94.,0.,5.,0.,13.37,"4,000.",0.,Ranged,Attacker,Expert,Special,A+,B,"December 27, 2025"
58.,Mew,Mew,9.,"4,603.",200.,123.,419.,103.,0.,15.,0.,14.07,"4,150.",0.,Ranged,Attacker,Expert,Special,A+,B,"December 27, 2025"
58.,Mew,Mew,10.,"4,849.",213.,137.,481.,113.,0.,15.,0.,14.84,"4,150.",0.,Ranged,Attacker,Expert,Special,A+,B,"December 27, 2025"
58.,Mew,Mew,11.,"5,119.",227.,152.,550.,124.,0.,15.,0.,15.68,"4,300.",0.,Ranged,Attacker,Expert,Special,A+,B,"December 27, 2025"
58.,Mew,Mew,12.,"5,416.",243.,169.,625.,136.,0.,15.,0.,16.61,"4,300.",0.,Ranged,Attacker,Expert,Special,A+,B,"December 27, 2025"
58.,Mew,Mew,13.,"5,743.",260.,188.,708.,149.,0.,25.,0.,17.63,"4,300.",0.,Ranged,Attacker,Expert,Special,A+,B,"December 27, 2025"
58.,Mew,Mew,14.,"6,103.",279.,208.,799.,164.,0.,25.,0.,18.76,"4,300.",0.,Ranged,Attacker,Expert,Special,A+,B,"December 27, 2025"
58.,Mew,Mew,15.,"6,500.",300.,230.,900.,180.,0.,25.,0.,20.,"4,300.",0.,Ranged,Attacker,Expert,Special,A+,B,"December 27, 2025"
59.,MewtwoX,Mega Mewtwo X,1.,"3,600.",190.,110.,20.,110.,0.,0.,5.,10.,"3,700.",0.,Melee,All-Rounder,Novice,Physical,B+,B,"December 27, 2025"
59.,MewtwoX,Mega Mewtwo X,2.,"3,764.",202.,123.,23.,120.,0.,0.,5.,11.07,"3,700.",0.,Melee,All-Rounder,Novice,Physical,B+,B,"December 27, 2025"
59.,MewtwoX,Mega Mewtwo X,3.,"3,945.",215.,138.,27.,131.,0.,0.,5.,12.24,"3,700.",0.,Melee,All-Rounder,Novice,Physical,B+,B,"December 27, 2025"
59.,MewtwoX,Mega Mewtwo X,4.,"4,144.",229.,154.,31.,143.,0.,0.,5.,13.53,"3,700.",0.,Melee,All-Rounder,Novice,Physical,B+,B,"December 27, 2025"
59.,MewtwoX,Mega Mewtwo X,5.,"4,363.",245.,171.,35.,156.,5.,0.,5.,14.95,"3,850.",0.,Melee,All-Rounder,Novice,Physical,B+,B,"December 27, 2025"
59.,MewtwoX,Mega Mewtwo X,6.,"4,603.",262.,191.,40.,171.,5.,0.,5.,16.51,"3,850.",0.,Melee,All-Rounder,Novice,Physical,B+,B,"December 27, 2025"
59.,MewtwoX,Mega Mewtwo X,7.,"4,868.",281.,212.,45.,187.,5.,0.,5.,18.23,"4,000.",0.,Melee,All-Rounder,Novice,Physical,B+,B,"December 27, 2025"
59.,MewtwoX,Mega Mewtwo X,8.,"5,160.",302.,235.,51.,205.,5.,0.,5.,20.12,"4,000.",0.,Melee,All-Rounder,Novice,Physical,B+,B,"December 27, 2025"
59.,MewtwoX,Mega Mewtwo X,9.,"5,480.",325.,261.,58.,224.,10.,0.,5.,22.21,"4,150.",0.,Melee,All-Rounder,Novice,Physical,B+,B,"December 27, 2025"
59.,MewtwoX,Mega Mewtwo X,10.,"5,833.",350.,290.,65.,246.,10.,0.,5.,24.51,"4,150.",0.,Melee,All-Rounder,Novice,Physical,B+,B,"December 27, 2025"
59.,MewtwoX,Mega Mewtwo X,11.,"6,220.",378.,321.,73.,269.,10.,0.,5.,27.04,"4,300.",0.,Melee,All-Rounder,Novice,Physical,B+,B,"December 27, 2025"
59.,MewtwoX,Mega Mewtwo X,12.,"6,646.",409.,355.,82.,295.,10.,0.,5.,29.83,"4,300.",0.,Melee,All-Rounder,Novice,Physical,B+,B,"December 27, 2025"
59.,MewtwoX,Mega Mewtwo X,13.,"7,116.",442.,393.,92.,324.,10.,0.,10.,32.9,"4,300.",0.,Melee,All-Rounder,Novice,Physical,B+,B,"December 27, 2025"
59.,MewtwoX,Mega Mewtwo X,14.,"7,632.",479.,434.,103.,355.,10.,0.,10.,36.28,"4,300.",0.,Melee,All-Rounder,Novice,Physical,B+,B,"December 27, 2025"
59.,MewtwoX,Mega Mewtwo X,15.,"8,200.",520.,480.,115.,390.,10.,0.,10.,40.,"4,300.",0.,Melee,All-Rounder,Novice,Physical,B+,B,"December 27, 2025"
60.,MewtwoY,Mega Mewtwo Y,1.,"3,400.",20.,84.,200.,82.,0.,0.,0.,10.,"3,650.",0.,Ranged,Attacker,Novice,Special,A,B,"December 27, 2025"
60.,MewtwoY,Mega Mewtwo Y,2.,"3,522.",23.,90.,223.,87.,0.,0.,0.,11.42,"3,650.",0.,Ranged,Attacker,Novice,Special,A,B,"December 27, 2025"
60.,MewtwoY,Mega Mewtwo Y,3.,"3,655.",27.,96.,247.,93.,0.,0.,0.,12.99,"3,650.",0.,Ranged,Attacker,Novice,Special,A,B,"December 27, 2025"
60.,MewtwoY,Mega Mewtwo Y,4.,"3,802.",31.,104.,275.,100.,0.,0.,0.,14.71,"3,650.",0.,Ranged,Attacker,Novice,Special,A,B,"December 27, 2025"
60.,MewtwoY,Mega Mewtwo Y,5.,"3,964.",36.,112.,304.,107.,0.,5.,0.,16.6,"3,800.",0.,Ranged,Attacker,Novice,Special,A,B,"December 27, 2025"
60.,MewtwoY,Mega Mewtwo Y,6.,"4,142.",41.,120.,337.,114.,0.,5.,0.,18.68,"3,800.",0.,Ranged,Attacker,Novice,Special,A,B,"December 27, 2025"
60.,MewtwoY,Mega Mewtwo Y,7.,"4,337.",46.,130.,374.,123.,0.,5.,0.,20.97,"3,950.",0.,Ranged,Attacker,Novice,Special,A,B,"December 27, 2025"
60.,MewtwoY,Mega Mewtwo Y,8.,"4,553.",52.,140.,414.,132.,0.,5.,0.,23.49,"3,950.",0.,Ranged,Attacker,Novice,Special,A,B,"December 27, 2025"
60.,MewtwoY,Mega Mewtwo Y,9.,"4,789.",59.,152.,457.,142.,0.,10.,0.,26.27,"4,100.",0.,Ranged,Attacker,Novice,Special,A,B,"December 27, 2025"
60.,MewtwoY,Mega Mewtwo Y,10.,"5,050.",66.,165.,506.,154.,0.,10.,0.,29.34,"4,100.",0.,Ranged,Attacker,Novice,Special,A,B,"December 27, 2025"
60.,MewtwoY,Mega Mewtwo Y,11.,"5,337.",74.,179.,559.,166.,0.,10.,0.,32.72,"4,250.",0.,Ranged,Attacker,Novice,Special,A,B,"December 27, 2025"
60.,MewtwoY,Mega Mewtwo Y,12.,"5,652.",83.,194.,617.,180.,0.,10.,0.,36.44,"4,250.",0.,Ranged,Attacker,Novice,Special,A,B,"December 27, 2025"
60.,MewtwoY,Mega Mewtwo Y,13.,"5,999.",93.,211.,682.,195.,0.,10.,0.,40.53,"4,250.",0.,Ranged,Attacker,Novice,Special,A,B,"December 27, 2025"
60.,MewtwoY,Mega Mewtwo Y,14.,"6,380.",104.,229.,752.,212.,0.,10.,0.,45.03,"4,250.",0.,Ranged,Attacker,Novice,Special,A,B,"December 27, 2025"
60.,MewtwoY,Mega Mewtwo Y,15.,"6,800.",116.,250.,830.,230.,0.,10.,0.,49.99,"4,250.",0.,Ranged,Attacker,Novice,Special,A,B,"December 27, 2025"
61.,Mimikyu,Mimikyu,1.,"3,300.",155.,100.,20.,90.,0.,0.,0.,10.,"3,700.",0.,Melee,All-Rounder,Intermediate,Physical,A+,A,"December 27, 2025"
61.,Mimikyu,Mimikyu,2.,"3,439.",164.,113.,23.,102.,0.,0.,0.,10.71,"3,700.",0.,Melee,All-Rounder,Intermediate,Physical,A+,A,"December 27, 2025"
61.,Mimikyu,Mimikyu,3.,"3,593.",175.,127.,27.,115.,0.,0.,0.,11.49,"3,700.",0.,Melee,All-Rounder,Intermediate,Physical,A+,A,"December 27, 2025"
61.,Mimikyu,Mimikyu,4.,"3,762.",186.,143.,31.,129.,0.,0.,0.,12.35,"3,700.",0.,Melee,All-Rounder,Intermediate,Physical,A+,A,"December 27, 2025"
61.,Mimikyu,Mimikyu,5.,"3,947.",199.,160.,35.,145.,10.,0.,5.,13.3,"3,850.",0.,Melee,All-Rounder,Intermediate,Physical,A+,A,"December 27, 2025"
61.,Mimikyu,Mimikyu,6.,"4,151.",213.,179.,40.,162.,10.,0.,5.,14.34,"3,850.",0.,Melee,All-Rounder,Intermediate,Physical,A+,A,"December 27, 2025"
61.,Mimikyu,Mimikyu,7.,"4,375.",228.,199.,45.,181.,10.,0.,5.,15.49,"4,000.",0.,Melee,All-Rounder,Intermediate,Physical,A+,A,"December 27, 2025"
61.,Mimikyu,Mimikyu,8.,"4,622.",245.,222.,51.,202.,10.,0.,5.,16.75,"4,000.",0.,Melee,All-Rounder,Intermediate,Physical,A+,A,"December 27, 2025"
61.,Mimikyu,Mimikyu,9.,"4,894.",263.,247.,58.,225.,20.,0.,10.,18.14,"4,150.",0.,Melee,All-Rounder,Intermediate,Physical,A+,A,"December 27, 2025"
61.,Mimikyu,Mimikyu,10.,"5,193.",284.,275.,65.,250.,20.,0.,10.,19.67,"4,150.",0.,Melee,All-Rounder,Intermediate,Physical,A+,A,"December 27, 2025"
61.,Mimikyu,Mimikyu,11.,"5,521.",306.,305.,73.,278.,20.,0.,10.,21.36,"4,300.",0.,Melee,All-Rounder,Intermediate,Physical,A+,A,"December 27, 2025"
61.,Mimikyu,Mimikyu,12.,"5,883.",330.,338.,82.,309.,20.,0.,10.,23.22,"4,300.",0.,Melee,All-Rounder,Intermediate,Physical,A+,A,"December 27, 2025"
61.,Mimikyu,Mimikyu,13.,"6,281.",358.,375.,92.,342.,20.,0.,15.,25.27,"4,300.",0.,Melee,All-Rounder,Intermediate,Physical,A+,A,"December 27, 2025"
61.,Mimikyu,Mimikyu,14.,"6,718.",387.,416.,103.,379.,20.,0.,15.,27.52,"4,300.",0.,Melee,All-Rounder,Intermediate,Physical,A+,A,"December 27, 2025"
61.,Mimikyu,Mimikyu,15.,"7,200.",420.,460.,115.,420.,20.,0.,15.,30.,"4,300.",0.,Melee,All-Rounder,Intermediate,Physical,A+,A,"December 27, 2025"
62.,Miraidon,Miraidon,1.,"3,300.",140.,70.,100.,80.,0.,0.,0.,10.,"3,650.",0.,Ranged,Attacker,Novice,Special,A,B,"December 27, 2025"
62.,Miraidon,Miraidon,2.,"3,442.",147.,79.,132.,87.,0.,0.,0.,10.36,"3,650.",0.,Ranged,Attacker,Novice,Special,A,B,"December 27, 2025"
62.,Miraidon,Miraidon,3.,"3,599.",154.,89.,167.,95.,0.,0.,0.,10.75,"3,650.",0.,Ranged,Attacker,Novice,Special,A,B,"December 27, 2025"
62.,Miraidon,Miraidon,4.,"3,771.",162.,100.,206.,104.,0.,5.,0.,11.18,"3,650.",0.,Ranged,Attacker,Novice,Special,A,B,"December 27, 2025"
62.,Miraidon,Miraidon,5.,"3,960.",171.,112.,248.,113.,0.,5.,0.,11.65,"3,800.",0.,Ranged,Attacker,Novice,Special,A,B,"December 27, 2025"
62.,Miraidon,Miraidon,6.,"4,168.",181.,125.,295.,123.,0.,5.,0.,12.17,"3,800.",0.,Ranged,Attacker,Novice,Special,A,B,"December 27, 2025"
62.,Miraidon,Miraidon,7.,"4,397.",192.,139.,347.,134.,0.,5.,0.,12.74,"3,950.",0.,Ranged,Attacker,Novice,Special,A,B,"December 27, 2025"
62.,Miraidon,Miraidon,8.,"4,649.",204.,155.,404.,147.,0.,5.,0.,13.37,"3,950.",0.,Ranged,Attacker,Novice,Special,A,B,"December 27, 2025"
62.,Miraidon,Miraidon,9.,"4,927.",217.,172.,467.,161.,0.,10.,0.,14.07,"4,100.",0.,Ranged,Attacker,Novice,Special,A,B,"December 27, 2025"
62.,Miraidon,Miraidon,10.,"5,234.",232.,191.,536.,176.,0.,10.,0.,14.84,"4,100.",0.,Ranged,Attacker,Novice,Special,A,B,"December 27, 2025"
62.,Miraidon,Miraidon,11.,"5,572.",248.,212.,612.,193.,0.,10.,0.,15.68,"4,250.",0.,Ranged,Attacker,Novice,Special,A,B,"December 27, 2025"
62.,Miraidon,Miraidon,12.,"5,944.",266.,235.,696.,212.,0.,10.,0.,16.61,"4,250.",0.,Ranged,Attacker,Novice,Special,A,B,"December 27, 2025"
62.,Miraidon,Miraidon,13.,"6,353.",285.,261.,788.,232.,0.,20.,0.,17.63,"4,250.",0.,Ranged,Attacker,Novice,Special,A,B,"December 27, 2025"
62.,Miraidon,Miraidon,14.,"6,804.",306.,289.,889.,255.,0.,20.,0.,18.76,"4,250.",0.,Ranged,Attacker,Novice,Special,A,B,"December 27, 2025"
62.,Miraidon,Miraidon,15.,"7,300.",330.,320.,"1,000.",280.,0.,20.,0.,20.,"4,250.",0.,Ranged,Attacker,Novice,Special,A,B,"December 27, 2025"
63.,Moltres,Moltres,1.,"3,400.",120.,80.,100.,70.,0.,0.,0.,10.,"3,700.",0.,Melee,All-Rounder,Intermediate,Special,S,S,"June 21, 2026"
63.,Moltres,Moltres,2.,"3,557.",123.,95.,115.,85.,0.,0.,0.,11.07,"3,700.",0.,Melee,All-Rounder,Intermediate,Special,S,S,"June 21, 2026"
63.,Moltres,Moltres,3.,"3,729.",126.,112.,132.,101.,0.,0.,0.,12.24,"3,700.",0.,Melee,All-Rounder,Intermediate,Special,S,S,"June 21, 2026"
63.,Moltres,Moltres,4.,"3,918.",129.,131.,151.,119.,0.,0.,0.,13.53,"3,700.",0.,Melee,All-Rounder,Intermediate,Special,S,S,"June 21, 2026"
63.,Moltres,Moltres,5.,"4,126.",133.,151.,171.,138.,10.,0.,5.,14.95,"3,850.",0.,Melee,All-Rounder,Intermediate,Special,S,S,"June 21, 2026"
63.,Moltres,Moltres,6.,"4,355.",137.,173.,193.,159.,10.,0.,5.,16.51,"3,850.",0.,Melee,All-Rounder,Intermediate,Special,S,S,"June 21, 2026"
63.,Moltres,Moltres,7.,"4,607.",142.,198.,218.,182.,10.,0.,10.,18.23,"4,000.",0.,Melee,All-Rounder,Intermediate,Special,S,S,"June 21, 2026"
63.,Moltres,Moltres,8.,"4,885.",147.,225.,245.,208.,10.,0.,10.,20.12,"4,000.",0.,Melee,All-Rounder,Intermediate,Special,S,S,"June 21, 2026"
63.,Moltres,Moltres,9.,"5,191.",153.,255.,275.,237.,20.,0.,15.,22.21,"4,150.",0.,Melee,All-Rounder,Intermediate,Special,S,S,"June 21, 2026"
63.,Moltres,Moltres,10.,"5,528.",159.,288.,308.,268.,20.,0.,15.,24.51,"4,150.",0.,Melee,All-Rounder,Intermediate,Special,S,S,"June 21, 2026"
63.,Moltres,Moltres,11.,"5,900.",166.,324.,344.,303.,20.,0.,15.,27.04,"4,300.",0.,Melee,All-Rounder,Intermediate,Special,S,S,"June 21, 2026"
63.,Moltres,Moltres,12.,"6,309.",173.,364.,384.,341.,20.,0.,15.,29.83,"4,300.",0.,Melee,All-Rounder,Intermediate,Special,S,S,"June 21, 2026"
63.,Moltres,Moltres,13.,"6,759.",181.,408.,428.,383.,20.,0.,20.,32.9,"4,300.",0.,Melee,All-Rounder,Intermediate,Special,S,S,"June 21, 2026"
63.,Moltres,Moltres,14.,"7,255.",190.,457.,477.,429.,20.,0.,20.,36.28,"4,300.",0.,Melee,All-Rounder,Intermediate,Special,S,S,"June 21, 2026"
63.,Moltres,Moltres,15.,"7,800.",200.,510.,530.,480.,20.,0.,20.,40.,"4,300.",0.,Melee,All-Rounder,Intermediate,Special,S,S,"June 21, 2026"
64.,Mr.Mime,Mr. Mime,1.,"3,150.",150.,70.,50.,60.,0.,0.,0.,10.,"3,800.",0.,Melee,Supporter,Intermediate,Special,B+,B,"December 27, 2025"
64.,Mr.Mime,Mr. Mime,2.,"3,365.",155.,85.,64.,73.,0.,0.,0.,10.71,"3,800.",0.,Melee,Supporter,Intermediate,Special,B+,B,"December 27, 2025"
64.,Mr.Mime,Mr. Mime,3.,"3,602.",161.,101.,80.,87.,0.,0.,0.,11.49,"3,800.",0.,Melee,Supporter,Intermediate,Special,B+,B,"December 27, 2025"
64.,Mr.Mime,Mr. Mime,4.,"3,862.",167.,119.,97.,102.,0.,5.,0.,12.35,"3,800.",0.,Melee,Supporter,Intermediate,Special,B+,B,"December 27, 2025"
64.,Mr.Mime,Mr. Mime,5.,"4,148.",174.,138.,116.,119.,0.,5.,0.,13.29,"3,950.",0.,Melee,Supporter,Intermediate,Special,B+,B,"December 27, 2025"
64.,Mr.Mime,Mr. Mime,6.,"4,463.",181.,159.,137.,138.,0.,5.,0.,14.33,"3,950.",0.,Melee,Supporter,Intermediate,Special,B+,B,"December 27, 2025"
64.,Mr.Mime,Mr. Mime,7.,"4,810.",189.,182.,160.,159.,0.,5.,0.,15.48,"4,100.",0.,Melee,Supporter,Intermediate,Special,B+,B,"December 27, 2025"
64.,Mr.Mime,Mr. Mime,8.,"5,192.",198.,208.,185.,182.,0.,5.,0.,16.74,"4,100.",0.,Melee,Supporter,Intermediate,Special,B+,B,"December 27, 2025"
64.,Mr.Mime,Mr. Mime,9.,"5,613.",208.,237.,213.,207.,0.,10.,0.,18.13,"4,250.",0.,Melee,Supporter,Intermediate,Special,B+,B,"December 27, 2025"
64.,Mr.Mime,Mr. Mime,10.,"6,077.",219.,268.,244.,235.,0.,10.,0.,19.66,"4,250.",0.,Melee,Supporter,Intermediate,Special,B+,B,"December 27, 2025"
64.,Mr.Mime,Mr. Mime,11.,"6,588.",231.,303.,278.,265.,0.,10.,0.,21.35,"4,400.",0.,Melee,Supporter,Intermediate,Special,B+,B,"December 27, 2025"
64.,Mr.Mime,Mr. Mime,12.,"7,150.",244.,341.,315.,298.,0.,10.,0.,23.21,"4,400.",0.,Melee,Supporter,Intermediate,Special,B+,B,"December 27, 2025"
64.,Mr.Mime,Mr. Mime,13.,"7,769.",259.,383.,356.,335.,0.,10.,0.,25.26,"4,400.",0.,Melee,Supporter,Intermediate,Special,B+,B,"December 27, 2025"
64.,Mr.Mime,Mr. Mime,14.,"8,450.",275.,429.,401.,375.,0.,10.,0.,27.51,"4,400.",0.,Melee,Supporter,Intermediate,Special,B+,B,"December 27, 2025"
64.,Mr.Mime,Mr. Mime,15.,"9,200.",293.,480.,450.,420.,0.,10.,0.,29.99,"4,400.",0.,Melee,Supporter,Intermediate,Special,B+,B,"December 27, 2025"
65.,Ninetales,Ninetales,1.,"3,197.",134.,35.,51.,27.,0.,0.,0.,10.,"3,700.",0.,Ranged,Attacker,Novice,Special,B,B,"December 27, 2025"
65.,Ninetales,Ninetales,2.,"3,266.",137.,39.,72.,30.,0.,0.,0.,10.44,"3,700.",0.,Ranged,Attacker,Novice,Special,B,B,"December 27, 2025"
65.,Ninetales,Ninetales,3.,"3,345.",141.,44.,96.,34.,0.,0.,0.,10.95,"3,700.",0.,Ranged,Attacker,Novice,Special,B,B,"December 27, 2025"
65.,Ninetales,Ninetales,4.,"3,747.",161.,69.,219.,53.,0.,5.,0.,13.54,"3,700.",0.,Ranged,Attacker,Novice,Special,B,B,"December 27, 2025"
65.,Ninetales,Ninetales,5.,"3,852.",166.,75.,251.,58.,0.,5.,0.,14.22,"3,850.",0.,Ranged,Attacker,Novice,Special,B,B,"December 27, 2025"
65.,Ninetales,Ninetales,6.,"3,972.",172.,82.,288.,64.,0.,5.,0.,15.,"3,850.",0.,Ranged,Attacker,Novice,Special,B,B,"December 27, 2025"
65.,Ninetales,Ninetales,7.,"4,110.",179.,90.,330.,71.,0.,5.,0.,15.89,"4,000.",0.,Ranged,Attacker,Novice,Special,B,B,"December 27, 2025"
65.,Ninetales,Ninetales,8.,"4,269.",187.,100.,379.,79.,0.,5.,0.,16.92,"4,000.",0.,Ranged,Attacker,Novice,Special,B,B,"December 27, 2025"
65.,Ninetales,Ninetales,9.,"4,452.",196.,111.,435.,88.,0.,15.,0.,18.1,"4,150.",0.,Ranged,Attacker,Novice,Special,B,B,"December 27, 2025"
65.,Ninetales,Ninetales,10.,"4,663.",207.,124.,500.,98.,0.,15.,0.,19.46,"4,150.",0.,Ranged,Attacker,Novice,Special,B,B,"December 27, 2025"
65.,Ninetales,Ninetales,11.,"4,906.",219.,139.,574.,110.,0.,15.,0.,21.02,"4,300.",0.,Ranged,Attacker,Novice,Special,B,B,"December 27, 2025"
65.,Ninetales,Ninetales,12.,"5,185.",233.,156.,660.,123.,0.,15.,0.,22.82,"4,300.",0.,Ranged,Attacker,Novice,Special,B,B,"December 27, 2025"
65.,Ninetales,Ninetales,13.,"5,506.",249.,176.,759.,138.,0.,25.,0.,24.89,"4,300.",0.,Ranged,Attacker,Novice,Special,B,B,"December 27, 2025"
65.,Ninetales,Ninetales,14.,"5,875.",268.,199.,872.,155.,0.,25.,0.,27.27,"4,300.",0.,Ranged,Attacker,Novice,Special,B,B,"December 27, 2025"
65.,Ninetales,Ninetales,15.,"6,299.",289.,225.,"1,002.",175.,0.,25.,0.,30.,"4,300.",0.,Ranged,Attacker,Novice,Special,B,B,"December 27, 2025"
66.,Palkia,Palkia,1.,"3,480.",20.,96.,118.,84.,0.,0.,0.,10.,"3,700.",0.,Melee,All-Rounder,Intermediate,Special,TBD,TBD,
66.,Palkia,Palkia,2.,"3,652.",23.,110.,139.,95.,0.,0.,0.,11.07,"3,700.",0.,Melee,All-Rounder,Intermediate,Special,TBD,TBD,
66.,Palkia,Palkia,3.,"3,842.",27.,126.,162.,108.,0.,0.,0.,12.25,"3,700.",0.,Melee,All-Rounder,Intermediate,Special,TBD,TBD,
66.,Palkia,Palkia,4.,"4,050.",31.,144.,187.,121.,0.,0.,0.,13.55,"3,700.",0.,Melee,All-Rounder,Intermediate,Special,TBD,TBD,
66.,Palkia,Palkia,5.,"4,279.",36.,163.,214.,136.,10.,0.,5.,14.97,"3,850.",0.,Melee,All-Rounder,Intermediate,Special,TBD,TBD,
66.,Palkia,Palkia,6.,"4,531.",41.,184.,245.,153.,10.,0.,5.,16.54,"3,850.",0.,Melee,All-Rounder,Intermediate,Special,TBD,TBD,
66.,Palkia,Palkia,7.,"4,809.",46.,207.,278.,171.,10.,0.,5.,18.27,"4,000.",0.,Melee,All-Rounder,Intermediate,Special,TBD,TBD,
66.,Palkia,Palkia,8.,"5,114.",53.,233.,315.,191.,10.,0.,5.,20.17,"4,000.",0.,Melee,All-Rounder,Intermediate,Special,TBD,TBD,
66.,Palkia,Palkia,9.,"5,450.",59.,261.,356.,213.,20.,0.,10.,22.26,"4,150.",0.,Melee,All-Rounder,Intermediate,Special,TBD,TBD,
66.,Palkia,Palkia,10.,"5,819.",67.,292.,400.,237.,20.,0.,10.,24.56,"4,150.",0.,Melee,All-Rounder,Intermediate,Special,TBD,TBD,
66.,Palkia,Palkia,11.,"6,225.",75.,326.,449.,264.,20.,0.,10.,27.09,"4,300.",0.,Melee,All-Rounder,Intermediate,Special,TBD,TBD,
66.,Palkia,Palkia,12.,"6,672.",84.,364.,503.,293.,20.,0.,10.,29.87,"4,300.",0.,Melee,All-Rounder,Intermediate,Special,TBD,TBD,
66.,Palkia,Palkia,13.,"7,164.",93.,405.,563.,326.,20.,0.,15.,32.93,"4,300.",0.,Melee,All-Rounder,Intermediate,Special,TBD,TBD,
66.,Palkia,Palkia,14.,"7,705.",104.,450.,628.,361.,20.,0.,15.,36.29,"4,300.",0.,Melee,All-Rounder,Intermediate,Special,TBD,TBD,
66.,Palkia,Palkia,15.,"8,300.",116.,500.,700.,400.,20.,0.,15.,40.,"4,300.",0.,Melee,All-Rounder,Intermediate,Special,TBD,TBD,
67.,Pawmot,Pawmot,1.,"3,250.",145.,90.,20.,65.,0.,0.,0.,10.,"3,700.",0.,Melee,All-Rounder,Intermediate,Physical,A,A,"December 27, 2025"
67.,Pawmot,Pawmot,2.,"3,332.",150.,97.,21.,70.,0.,0.,0.,10.43,"3,700.",0.,Melee,All-Rounder,Intermediate,Physical,A,A,"December 27, 2025"
67.,Pawmot,Pawmot,3.,"3,431.",156.,105.,23.,76.,0.,0.,0.,10.95,"3,700.",0.,Melee,All-Rounder,Intermediate,Physical,A,A,"December 27, 2025"
67.,Pawmot,Pawmot,4.,"3,550.",163.,115.,25.,83.,0.,0.,0.,11.57,"3,700.",0.,Melee,All-Rounder,Intermediate,Physical,A,A,"December 27, 2025"
67.,Pawmot,Pawmot,5.,"4,124.",196.,162.,34.,116.,10.,0.,5.,14.56,"3,850.",0.,Melee,All-Rounder,Intermediate,Physical,A,A,"December 27, 2025"
67.,Pawmot,Pawmot,6.,"4,295.",206.,176.,37.,126.,10.,0.,5.,15.45,"3,850.",0.,Melee,All-Rounder,Intermediate,Physical,A,A,"December 27, 2025"
67.,Pawmot,Pawmot,7.,"4,932.",243.,228.,48.,163.,10.,0.,5.,18.77,"4,000.",0.,Melee,All-Rounder,Intermediate,Physical,A,A,"December 27, 2025"
67.,Pawmot,Pawmot,8.,"5,179.",257.,248.,52.,177.,10.,0.,5.,20.06,"4,000.",0.,Melee,All-Rounder,Intermediate,Physical,A,A,"December 27, 2025"
67.,Pawmot,Pawmot,9.,"5,475.",274.,272.,57.,194.,20.,0.,10.,21.61,"4,150.",0.,Melee,All-Rounder,Intermediate,Physical,A,A,"December 27, 2025"
67.,Pawmot,Pawmot,10.,"5,830.",294.,301.,63.,215.,20.,0.,10.,23.46,"4,150.",0.,Melee,All-Rounder,Intermediate,Physical,A,A,"December 27, 2025"
67.,Pawmot,Pawmot,11.,"6,256.",318.,336.,70.,240.,20.,0.,10.,25.68,"4,300.",0.,Melee,All-Rounder,Intermediate,Physical,A,A,"December 27, 2025"
67.,Pawmot,Pawmot,12.,"6,767.",347.,378.,78.,270.,20.,0.,10.,28.35,"4,300.",0.,Melee,All-Rounder,Intermediate,Physical,A,A,"December 27, 2025"
67.,Pawmot,Pawmot,13.,"7,380.",382.,428.,88.,306.,20.,0.,15.,31.55,"4,300.",0.,Melee,All-Rounder,Intermediate,Physical,A,A,"December 27, 2025"
67.,Pawmot,Pawmot,14.,"8,116.",424.,488.,100.,349.,20.,0.,15.,35.39,"4,300.",0.,Melee,All-Rounder,Intermediate,Physical,A,A,"December 27, 2025"
67.,Pawmot,Pawmot,15.,"9,000.",475.,560.,115.,400.,20.,0.,15.,40.,"4,300.",0.,Melee,All-Rounder,Intermediate,Physical,A,A,"December 27, 2025"
68.,Pikachu,Pikachu,1.,"3,292.",134.,35.,50.,27.,0.,0.,0.,10.,"3,700.",0.,Ranged,Attacker,Novice,Special,B,A,"December 27, 2025"
68.,Pikachu,Pikachu,2.,"3,399.",140.,42.,82.,33.,0.,0.,0.,10.,"3,700.",0.,Ranged,Attacker,Novice,Special,B,A,"December 27, 2025"
68.,Pikachu,Pikachu,3.,"3,517.",146.,50.,117.,40.,0.,0.,0.,10.,"3,700.",0.,Ranged,Attacker,Novice,Special,B,A,"December 27, 2025"
68.,Pikachu,Pikachu,4.,"3,646.",153.,59.,156.,47.,0.,0.,0.,10.,"3,700.",0.,Ranged,Attacker,Novice,Special,B,A,"December 27, 2025"
68.,Pikachu,Pikachu,5.,"3,788.",160.,69.,199.,55.,0.,5.,0.,10.,"3,850.",0.,Ranged,Attacker,Novice,Special,B,A,"December 27, 2025"
68.,Pikachu,Pikachu,6.,"3,945.",168.,80.,246.,64.,0.,5.,0.,10.,"3,850.",0.,Ranged,Attacker,Novice,Special,B,A,"December 27, 2025"
68.,Pikachu,Pikachu,7.,"4,117.",177.,92.,298.,74.,0.,5.,0.,10.,"4,000.",0.,Ranged,Attacker,Novice,Special,B,A,"December 27, 2025"
68.,Pikachu,Pikachu,8.,"4,307.",187.,105.,355.,85.,0.,5.,0.,10.,"4,000.",0.,Ranged,Attacker,Novice,Special,B,A,"December 27, 2025"
68.,Pikachu,Pikachu,9.,"4,516.",198.,119.,418.,97.,0.,15.,0.,10.,"4,150.",0.,Ranged,Attacker,Novice,Special,B,A,"December 27, 2025"
68.,Pikachu,Pikachu,10.,"4,747.",210.,135.,487.,110.,0.,15.,0.,10.,"4,150.",0.,Ranged,Attacker,Novice,Special,B,A,"December 27, 2025"
68.,Pikachu,Pikachu,11.,"5,001.",223.,152.,563.,125.,0.,15.,0.,10.,"4,300.",0.,Ranged,Attacker,Novice,Special,B,A,"December 27, 2025"
68.,Pikachu,Pikachu,12.,"5,280.",237.,171.,647.,141.,0.,15.,0.,10.,"4,300.",0.,Ranged,Attacker,Novice,Special,B,A,"December 27, 2025"
68.,Pikachu,Pikachu,13.,"5,588.",253.,192.,740.,159.,0.,25.,0.,10.,"4,300.",0.,Ranged,Attacker,Novice,Special,B,A,"December 27, 2025"
68.,Pikachu,Pikachu,14.,"5,927.",271.,215.,842.,179.,0.,25.,0.,10.,"4,300.",0.,Ranged,Attacker,Novice,Special,B,A,"December 27, 2025"
68.,Pikachu,Pikachu,15.,"6,300.",290.,240.,954.,200.,0.,25.,0.,10.,"4,300.",0.,Ranged,Attacker,Novice,Special,B,A,"December 27, 2025"
69.,Psyduck,Psyduck,1.,"3,300.",130.,80.,50.,70.,0.,0.,0.,10.,"3,700.",0.,Ranged,Supporter,Novice,Special,S,A,"December 27, 2025"
69.,Psyduck,Psyduck,2.,"3,503.",137.,90.,71.,79.,0.,0.,0.,10.36,"3,700.",0.,Ranged,Supporter,Novice,Special,S,A,"December 27, 2025"
69.,Psyduck,Psyduck,3.,"3,726.",144.,101.,95.,88.,0.,0.,0.,10.75,"3,700.",0.,Ranged,Supporter,Novice,Special,S,A,"December 27, 2025"
69.,Psyduck,Psyduck,4.,"3,971.",152.,113.,121.,98.,0.,0.,0.,11.18,"3,700.",0.,Ranged,Supporter,Novice,Special,S,A,"December 27, 2025"
69.,Psyduck,Psyduck,5.,"4,240.",161.,127.,149.,109.,0.,5.,0.,11.65,"3,850.",0.,Ranged,Supporter,Novice,Special,S,A,"December 27, 2025"
69.,Psyduck,Psyduck,6.,"4,537.",171.,142.,180.,122.,0.,5.,0.,12.17,"3,850.",0.,Ranged,Supporter,Novice,Special,S,A,"December 27, 2025"
69.,Psyduck,Psyduck,7.,"4,864.",182.,159.,214.,136.,0.,5.,0.,12.74,"4,000.",0.,Ranged,Supporter,Novice,Special,S,A,"December 27, 2025"
69.,Psyduck,Psyduck,8.,"5,224.",194.,177.,252.,151.,0.,5.,0.,13.37,"4,000.",0.,Ranged,Supporter,Novice,Special,S,A,"December 27, 2025"
69.,Psyduck,Psyduck,9.,"5,621.",207.,197.,294.,168.,0.,10.,0.,14.07,"4,150.",0.,Ranged,Supporter,Novice,Special,S,A,"December 27, 2025"
69.,Psyduck,Psyduck,10.,"6,058.",222.,219.,340.,186.,0.,10.,0.,14.84,"4,150.",0.,Ranged,Supporter,Novice,Special,S,A,"December 27, 2025"
69.,Psyduck,Psyduck,11.,"6,539.",238.,244.,391.,206.,0.,10.,0.,15.68,"4,300.",0.,Ranged,Supporter,Novice,Special,S,A,"December 27, 2025"
69.,Psyduck,Psyduck,12.,"7,068.",256.,271.,447.,228.,0.,10.,0.,16.61,"4,300.",0.,Ranged,Supporter,Novice,Special,S,A,"December 27, 2025"
69.,Psyduck,Psyduck,13.,"7,651.",275.,301.,508.,253.,0.,10.,0.,17.63,"4,300.",0.,Ranged,Supporter,Novice,Special,S,A,"December 27, 2025"
69.,Psyduck,Psyduck,14.,"8,293.",296.,334.,576.,280.,0.,10.,0.,18.76,"4,300.",0.,Ranged,Supporter,Novice,Special,S,A,"December 27, 2025"
69.,Psyduck,Psyduck,15.,"9,000.",320.,370.,650.,310.,0.,10.,0.,20.,"4,300.",0.,Ranged,Supporter,Novice,Special,S,A,"December 27, 2025"
70.,Quaquaval,Quaquaval,1.,"3,460.",160.,94.,20.,92.,0.,0.,0.,10.,"3,700.",0.,Melee,All-Rounder,Intermediate,Physical,TBD,TBD,
70.,Quaquaval,Quaquaval,2.,"3,528.",165.,100.,21.,97.,0.,0.,0.,10.29,"3,700.",0.,Melee,All-Rounder,Intermediate,Physical,TBD,TBD,
70.,Quaquaval,Quaquaval,3.,"3,610.",172.,106.,23.,104.,0.,0.,0.,10.63,"3,700.",0.,Melee,All-Rounder,Intermediate,Physical,TBD,TBD,
70.,Quaquaval,Quaquaval,4.,"3,708.",179.,114.,25.,112.,0.,0.,0.,11.05,"3,700.",0.,Melee,All-Rounder,Intermediate,Physical,TBD,TBD,
70.,Quaquaval,Quaquaval,5.,"4,062.",207.,143.,32.,140.,10.,0.,5.,12.54,"3,850.",0.,Melee,All-Rounder,Intermediate,Physical,TBD,TBD,
70.,Quaquaval,Quaquaval,6.,"4,203.",218.,155.,35.,151.,10.,0.,5.,13.14,"3,850.",0.,Melee,All-Rounder,Intermediate,Physical,TBD,TBD,
70.,Quaquaval,Quaquaval,7.,"4,847.",268.,207.,48.,203.,10.,0.,5.,15.85,"4,000.",0.,Melee,All-Rounder,Intermediate,Physical,TBD,TBD,
70.,Quaquaval,Quaquaval,8.,"5,050.",284.,223.,52.,219.,10.,0.,5.,16.71,"4,000.",0.,Melee,All-Rounder,Intermediate,Physical,TBD,TBD,
70.,Quaquaval,Quaquaval,9.,"5,294.",303.,243.,57.,238.,20.,0.,10.,17.74,"4,150.",0.,Melee,All-Rounder,Intermediate,Physical,TBD,TBD,
70.,Quaquaval,Quaquaval,10.,"5,587.",326.,267.,63.,262.,20.,0.,10.,18.97,"4,150.",0.,Melee,All-Rounder,Intermediate,Physical,TBD,TBD,
70.,Quaquaval,Quaquaval,11.,"5,938.",353.,296.,70.,290.,20.,0.,10.,20.45,"4,300.",0.,Melee,All-Rounder,Intermediate,Physical,TBD,TBD,
70.,Quaquaval,Quaquaval,12.,"6,359.",386.,330.,79.,323.,20.,0.,10.,22.23,"4,300.",0.,Melee,All-Rounder,Intermediate,Physical,TBD,TBD,
70.,Quaquaval,Quaquaval,13.,"6,865.",426.,371.,89.,364.,20.,0.,15.,24.37,"4,300.",0.,Melee,All-Rounder,Intermediate,Physical,TBD,TBD,
70.,Quaquaval,Quaquaval,14.,"7,472.",473.,421.,101.,412.,20.,0.,15.,26.93,"4,300.",0.,Melee,All-Rounder,Intermediate,Physical,TBD,TBD,
70.,Quaquaval,Quaquaval,15.,"8,200.",530.,480.,116.,470.,20.,0.,15.,30.,"4,300.",0.,Melee,All-Rounder,Intermediate,Physical,TBD,TBD,
71.,Raichu,Raichu,1.,"3,400.",20.,50.,150.,40.,0.,0.,0.,10.,"3,600.",0.,Ranged,Attacker,Intermediate,Special,B+,A,"December 27, 2025"
71.,Raichu,Raichu,2.,"3,500.",23.,57.,171.,46.,0.,0.,0.,11.42,"3,600.",0.,Ranged,Attacker,Intermediate,Special,B+,A,"December 27, 2025"
71.,Raichu,Raichu,3.,"3,610.",27.,65.,194.,53.,0.,0.,0.,12.99,"3,600.",0.,Ranged,Attacker,Intermediate,Special,B+,A,"December 27, 2025"
71.,Raichu,Raichu,4.,"3,731.",31.,74.,220.,61.,0.,0.,0.,14.71,"3,600.",0.,Ranged,Attacker,Intermediate,Special,B+,A,"December 27, 2025"
71.,Raichu,Raichu,5.,"3,863.",36.,83.,248.,70.,0.,5.,0.,16.6,"3,750.",0.,Ranged,Attacker,Intermediate,Special,B+,A,"December 27, 2025"
71.,Raichu,Raichu,6.,"4,009.",41.,93.,279.,79.,0.,5.,0.,18.68,"3,750.",0.,Ranged,Attacker,Intermediate,Special,B+,A,"December 27, 2025"
71.,Raichu,Raichu,7.,"4,169.",46.,104.,313.,89.,0.,5.,0.,20.97,"3,900.",0.,Ranged,Attacker,Intermediate,Special,B+,A,"December 27, 2025"
71.,Raichu,Raichu,8.,"4,346.",52.,117.,351.,100.,0.,5.,0.,23.49,"3,900.",0.,Ranged,Attacker,Intermediate,Special,B+,A,"December 27, 2025"
71.,Raichu,Raichu,9.,"4,541.",59.,131.,393.,113.,0.,15.,0.,26.27,"4,050.",0.,Ranged,Attacker,Intermediate,Special,B+,A,"December 27, 2025"
71.,Raichu,Raichu,10.,"4,756.",66.,146.,439.,127.,0.,15.,0.,29.34,"4,050.",0.,Ranged,Attacker,Intermediate,Special,B+,A,"December 27, 2025"
71.,Raichu,Raichu,11.,"4,993.",74.,163.,490.,142.,0.,15.,0.,32.72,"4,200.",0.,Ranged,Attacker,Intermediate,Special,B+,A,"December 27, 2025"
71.,Raichu,Raichu,12.,"5,253.",83.,182.,546.,159.,0.,15.,0.,36.44,"4,200.",0.,Ranged,Attacker,Intermediate,Special,B+,A,"December 27, 2025"
71.,Raichu,Raichu,13.,"5,539.",93.,202.,607.,177.,0.,25.,0.,40.53,"4,200.",0.,Ranged,Attacker,Intermediate,Special,B+,A,"December 27, 2025"
71.,Raichu,Raichu,14.,"6,200.",104.,225.,675.,197.,0.,25.,0.,45.04,"4,200.",0.,Ranged,Attacker,Intermediate,Special,B+,A,"December 27, 2025"
71.,Raichu,Raichu,15.,"6,854.",116.,250.,750.,220.,0.,25.,0.,50.,"4,200.",0.,Ranged,Attacker,Intermediate,Special,B+,A,"December 27, 2025"
72.,Rapidash,Rapidash,1.,"3,300.",130.,60.,90.,70.,0.,0.,0.,10.,"3,800.",0.,Ranged,Speedster,Intermediate,Special,B+,A,"December 27, 2025"
72.,Rapidash,Rapidash,2.,"3,364.",133.,64.,99.,74.,0.,0.,0.,10.43,"3,800.",0.,Ranged,Speedster,Intermediate,Special,B+,A,"December 27, 2025"
72.,Rapidash,Rapidash,3.,"3,441.",136.,69.,110.,79.,0.,0.,0.,10.95,"3,800.",0.,Ranged,Speedster,Intermediate,Special,B+,A,"December 27, 2025"
72.,Rapidash,Rapidash,4.,"3,534.",140.,75.,123.,85.,0.,0.,0.,11.57,"3,800.",0.,Ranged,Speedster,Intermediate,Special,B+,A,"December 27, 2025"
72.,Rapidash,Rapidash,5.,"4,321.",173.,122.,233.,136.,0.,5.,0.,16.82,"3,950.",0.,Ranged,Speedster,Intermediate,Special,B+,A,"December 27, 2025"
72.,Rapidash,Rapidash,6.,"4,455.",179.,130.,252.,145.,0.,5.,0.,17.71,"3,950.",0.,Ranged,Speedster,Intermediate,Special,B+,A,"December 27, 2025"
72.,Rapidash,Rapidash,7.,"4,616.",186.,140.,274.,155.,0.,5.,0.,18.78,"4,100.",0.,Ranged,Speedster,Intermediate,Special,B+,A,"December 27, 2025"
72.,Rapidash,Rapidash,8.,"4,809.",194.,151.,301.,167.,0.,5.,0.,20.07,"4,100.",0.,Ranged,Speedster,Intermediate,Special,B+,A,"December 27, 2025"
72.,Rapidash,Rapidash,9.,"5,041.",204.,165.,333.,182.,0.,10.,0.,21.62,"4,250.",0.,Ranged,Speedster,Intermediate,Special,B+,A,"December 27, 2025"
72.,Rapidash,Rapidash,10.,"5,319.",216.,182.,372.,200.,0.,10.,0.,23.47,"4,250.",0.,Ranged,Speedster,Intermediate,Special,B+,A,"December 27, 2025"
72.,Rapidash,Rapidash,11.,"5,653.",230.,202.,419.,222.,0.,10.,0.,25.69,"4,400.",0.,Ranged,Speedster,Intermediate,Special,B+,A,"December 27, 2025"
72.,Rapidash,Rapidash,12.,"6,053.",247.,226.,475.,248.,0.,10.,0.,28.36,"4,400.",0.,Ranged,Speedster,Intermediate,Special,B+,A,"December 27, 2025"
72.,Rapidash,Rapidash,13.,"6,533.",267.,255.,542.,279.,0.,10.,0.,31.56,"4,400.",0.,Ranged,Speedster,Intermediate,Special,B+,A,"December 27, 2025"
72.,Rapidash,Rapidash,14.,"7,109.",291.,289.,623.,316.,0.,10.,0.,35.4,"4,400.",0.,Ranged,Speedster,Intermediate,Special,B+,A,"December 27, 2025"
72.,Rapidash,Rapidash,15.,"7,800.",320.,330.,720.,361.,0.,10.,0.,40.01,"4,400.",0.,Ranged,Speedster,Intermediate,Special,B+,A,"December 27, 2025"
73.,Reshiram,Reshiram,1.,"3,200.",134.,35.,55.,27.,0.,0.,0.,10.,"3,700.",0.,Ranged,Attacker,Intermediate,Special,TBD,TBD,
73.,Reshiram,Reshiram,2.,"3,250.",136.,38.,69.,30.,0.,0.,0.,10.72,"3,700.",0.,Ranged,Attacker,Intermediate,Special,TBD,TBD,
73.,Reshiram,Reshiram,3.,"3,310.",139.,42.,85.,34.,0.,0.,0.,11.5,"3,700.",0.,Ranged,Attacker,Intermediate,Special,TBD,TBD,
73.,Reshiram,Reshiram,4.,"3,382.",142.,47.,104.,38.,0.,0.,0.,12.37,"3,700.",0.,Ranged,Attacker,Intermediate,Special,TBD,TBD,
73.,Reshiram,Reshiram,5.,"3,644.",154.,65.,175.,54.,5.,5.,0.,13.32,"3,850.",0.,Ranged,Attacker,Intermediate,Special,TBD,TBD,
73.,Reshiram,Reshiram,6.,"3,748.",159.,72.,203.,60.,5.,5.,0.,14.36,"3,850.",0.,Ranged,Attacker,Intermediate,Special,TBD,TBD,
73.,Reshiram,Reshiram,7.,"4,223.",180.,104.,331.,89.,5.,5.,0.,15.51,"4,000.",0.,Ranged,Attacker,Intermediate,Special,TBD,TBD,
73.,Reshiram,Reshiram,8.,"4,373.",187.,114.,372.,98.,5.,5.,0.,16.78,"4,000.",0.,Ranged,Attacker,Intermediate,Special,TBD,TBD,
73.,Reshiram,Reshiram,9.,"4,553.",195.,126.,421.,109.,10.,5.,0.,18.17,"4,150.",0.,Ranged,Attacker,Intermediate,Special,TBD,TBD,
73.,Reshiram,Reshiram,10.,"4,769.",205.,141.,479.,122.,10.,5.,0.,19.71,"4,150.",0.,Ranged,Attacker,Intermediate,Special,TBD,TBD,
73.,Reshiram,Reshiram,11.,"5,029.",216.,158.,549.,138.,10.,10.,0.,21.39,"4,300.",0.,Ranged,Attacker,Intermediate,Special,TBD,TBD,
73.,Reshiram,Reshiram,12.,"5,340.",230.,179.,633.,157.,10.,10.,0.,23.24,"4,300.",0.,Ranged,Attacker,Intermediate,Special,TBD,TBD,
73.,Reshiram,Reshiram,13.,"5,714.",247.,204.,734.,180.,10.,10.,0.,25.29,"4,300.",0.,Ranged,Attacker,Intermediate,Special,TBD,TBD,
73.,Reshiram,Reshiram,14.,"6,162.",267.,234.,855.,207.,10.,10.,0.,27.53,"4,300.",0.,Ranged,Attacker,Intermediate,Special,TBD,TBD,
73.,Reshiram,Reshiram,15.,"6,700.",291.,270.,"1,000.",240.,10.,10.,0.,30.,"4,300.",0.,Ranged,Attacker,Intermediate,Special,TBD,TBD,
74.,Sableye,Sableye,1.,"3,000.",110.,40.,20.,30.,0.,0.,0.,10.,"3,700.",0.,Melee,Supporter,Intermediate,Physical,B+,C,"December 27, 2025"
74.,Sableye,Sableye,2.,"3,139.",117.,46.,24.,34.,0.,0.,0.,10.36,"3,700.",0.,Melee,Supporter,Intermediate,Physical,B+,C,"December 27, 2025"
74.,Sableye,Sableye,3.,"3,292.",124.,52.,28.,39.,0.,0.,0.,10.75,"3,700.",0.,Melee,Supporter,Intermediate,Physical,B+,C,"December 27, 2025"
74.,Sableye,Sableye,4.,"3,460.",132.,59.,32.,44.,0.,0.,0.,11.18,"3,700.",0.,Melee,Supporter,Intermediate,Physical,B+,C,"December 27, 2025"
74.,Sableye,Sableye,5.,"3,644.",141.,67.,37.,50.,0.,5.,0.,11.65,"3,850.",0.,Melee,Supporter,Intermediate,Physical,B+,C,"December 27, 2025"
74.,Sableye,Sableye,6.,"3,847.",151.,75.,42.,56.,0.,5.,0.,12.17,"3,850.",0.,Melee,Supporter,Intermediate,Physical,B+,C,"December 27, 2025"
74.,Sableye,Sableye,7.,"4,070.",162.,84.,48.,63.,0.,5.,0.,12.74,"4,000.",0.,Melee,Supporter,Intermediate,Physical,B+,C,"December 27, 2025"
74.,Sableye,Sableye,8.,"4,316.",174.,94.,54.,71.,0.,5.,0.,13.37,"4,000.",0.,Melee,Supporter,Intermediate,Physical,B+,C,"December 27, 2025"
74.,Sableye,Sableye,9.,"4,587.",187.,105.,61.,79.,0.,10.,0.,14.07,"4,150.",0.,Melee,Supporter,Intermediate,Physical,B+,C,"December 27, 2025"
74.,Sableye,Sableye,10.,"4,886.",202.,117.,69.,88.,0.,10.,0.,14.84,"4,150.",0.,Melee,Supporter,Intermediate,Physical,B+,C,"December 27, 2025"
74.,Sableye,Sableye,11.,"5,216.",218.,131.,78.,98.,0.,10.,0.,15.68,"4,300.",0.,Melee,Supporter,Intermediate,Physical,B+,C,"December 27, 2025"
74.,Sableye,Sableye,12.,"5,578.",236.,146.,87.,109.,0.,10.,0.,16.61,"4,300.",0.,Melee,Supporter,Intermediate,Physical,B+,C,"December 27, 2025"
74.,Sableye,Sableye,13.,"5,977.",255.,162.,97.,121.,0.,10.,0.,17.63,"4,300.",0.,Melee,Supporter,Intermediate,Physical,B+,C,"December 27, 2025"
74.,Sableye,Sableye,14.,"6,416.",276.,180.,108.,135.,0.,10.,0.,18.76,"4,300.",0.,Melee,Supporter,Intermediate,Physical,B+,C,"December 27, 2025"
74.,Sableye,Sableye,15.,"6,900.",300.,200.,120.,150.,0.,10.,0.,20.,"4,300.",0.,Melee,Supporter,Intermediate,Physical,B+,C,"December 27, 2025"
75.,Scizor,Scizor,1.,"3,200.",160.,92.,20.,40.,0.,0.,0.,10.,"3,650.",0.,Melee,All-Rounder,Intermediate,Physical,B,B,"December 27, 2025"
75.,Scizor,Scizor,2.,"3,280.",170.,98.,22.,44.,0.,0.,0.,10.44,"3,650.",0.,Melee,All-Rounder,Intermediate,Physical,B,B,"December 27, 2025"
75.,Scizor,Scizor,3.,"3,372.",182.,105.,24.,48.,0.,0.,0.,10.95,"3,650.",0.,Melee,All-Rounder,Intermediate,Physical,B,B,"December 27, 2025"
75.,Scizor,Scizor,4.,"3,478.",196.,113.,27.,53.,0.,0.,0.,11.54,"3,650.",0.,Melee,All-Rounder,Intermediate,Physical,B,B,"December 27, 2025"
75.,Scizor,Scizor,5.,"4,339.",224.,203.,40.,118.,10.,0.,5.,14.22,"3,800.",0.,Melee,All-Rounder,Intermediate,Physical,B,B,"December 27, 2025"
75.,Scizor,Scizor,6.,"4,549.",236.,224.,44.,132.,10.,0.,5.,15.,"3,800.",0.,Melee,All-Rounder,Intermediate,Physical,B,B,"December 27, 2025"
75.,Scizor,Scizor,7.,"4,790.",249.,247.,48.,149.,10.,0.,5.,15.89,"3,950.",0.,Melee,All-Rounder,Intermediate,Physical,B,B,"December 27, 2025"
75.,Scizor,Scizor,8.,"5,067.",264.,275.,53.,168.,10.,0.,5.,16.92,"3,950.",0.,Melee,All-Rounder,Intermediate,Physical,B,B,"December 27, 2025"
75.,Scizor,Scizor,9.,"5,386.",282.,306.,59.,190.,20.,0.,10.,18.1,"4,100.",0.,Melee,All-Rounder,Intermediate,Physical,B,B,"December 27, 2025"
75.,Scizor,Scizor,10.,"5,754.",302.,342.,65.,215.,20.,0.,10.,19.46,"4,100.",0.,Melee,All-Rounder,Intermediate,Physical,B,B,"December 27, 2025"
75.,Scizor,Scizor,11.,"6,176.",325.,383.,72.,244.,20.,0.,10.,21.02,"4,250.",0.,Melee,All-Rounder,Intermediate,Physical,B,B,"December 27, 2025"
75.,Scizor,Scizor,12.,"6,661.",352.,430.,81.,277.,20.,0.,10.,22.82,"4,250.",0.,Melee,All-Rounder,Intermediate,Physical,B,B,"December 27, 2025"
75.,Scizor,Scizor,13.,"7,220.",383.,485.,91.,315.,20.,0.,15.,24.89,"4,250.",0.,Melee,All-Rounder,Intermediate,Physical,B,B,"December 27, 2025"
75.,Scizor,Scizor,14.,"7,861.",419.,548.,102.,359.,20.,0.,15.,27.27,"4,250.",0.,Melee,All-Rounder,Intermediate,Physical,B,B,"December 27, 2025"
75.,Scizor,Scizor,15.,"8,600.",460.,620.,115.,410.,20.,0.,15.,30.,"4,250.",0.,Melee,All-Rounder,Intermediate,Physical,B,B,"December 27, 2025"
76.,Scyther,Scyther,1.,"3,200.",160.,92.,20.,40.,0.,0.,0.,10.,"3,650.",0.,Melee,All-Rounder,Intermediate,Physical,A,A,"December 27, 2025"
76.,Scyther,Scyther,2.,"3,280.",170.,98.,22.,44.,0.,0.,0.,10.44,"3,650.",0.,Melee,All-Rounder,Intermediate,Physical,A,A,"December 27, 2025"
76.,Scyther,Scyther,3.,"3,372.",182.,105.,24.,48.,0.,0.,0.,10.95,"3,650.",0.,Melee,All-Rounder,Intermediate,Physical,A,A,"December 27, 2025"
76.,Scyther,Scyther,4.,"3,478.",196.,113.,27.,53.,0.,0.,0.,11.54,"3,650.",0.,Melee,All-Rounder,Intermediate,Physical,A,A,"December 27, 2025"
76.,Scyther,Scyther,5.,"3,959.",259.,149.,40.,74.,5.,10.,0.,14.22,"3,800.",0.,Melee,All-Rounder,Intermediate,Physical,A,A,"December 27, 2025"
76.,Scyther,Scyther,6.,"4,099.",277.,159.,44.,80.,5.,10.,0.,15.,"3,800.",0.,Melee,All-Rounder,Intermediate,Physical,A,A,"December 27, 2025"
76.,Scyther,Scyther,7.,"4,260.",298.,171.,48.,87.,5.,10.,0.,15.89,"3,950.",0.,Melee,All-Rounder,Intermediate,Physical,A,A,"December 27, 2025"
76.,Scyther,Scyther,8.,"4,445.",322.,185.,53.,95.,5.,10.,0.,16.92,"3,950.",0.,Melee,All-Rounder,Intermediate,Physical,A,A,"December 27, 2025"
76.,Scyther,Scyther,9.,"4,658.",350.,201.,59.,104.,10.,20.,0.,18.1,"4,100.",0.,Melee,All-Rounder,Intermediate,Physical,A,A,"December 27, 2025"
76.,Scyther,Scyther,10.,"4,902.",382.,219.,65.,115.,10.,20.,0.,19.46,"4,100.",0.,Melee,All-Rounder,Intermediate,Physical,A,A,"December 27, 2025"
76.,Scyther,Scyther,11.,"5,184.",419.,240.,72.,128.,10.,20.,0.,21.02,"4,250.",0.,Melee,All-Rounder,Intermediate,Physical,A,A,"December 27, 2025"
76.,Scyther,Scyther,12.,"5,508.",461.,264.,81.,142.,10.,20.,0.,22.82,"4,250.",0.,Melee,All-Rounder,Intermediate,Physical,A,A,"December 27, 2025"
76.,Scyther,Scyther,13.,"5,880.",510.,291.,91.,159.,10.,20.,0.,24.89,"4,250.",0.,Melee,All-Rounder,Intermediate,Physical,A,A,"December 27, 2025"
76.,Scyther,Scyther,14.,"6,308.",566.,323.,102.,178.,10.,20.,0.,27.27,"4,250.",0.,Melee,All-Rounder,Intermediate,Physical,A,A,"December 27, 2025"
76.,Scyther,Scyther,15.,"6,800.",630.,360.,115.,200.,10.,20.,0.,30.,"4,250.",0.,Melee,All-Rounder,Intermediate,Physical,A,A,"December 27, 2025"
77.,Sirfetchd,Sirfetch'd,1.,"3,300.",140.,80.,20.,70.,0.,0.,0.,10.,"3,700.",0.,Melee,All-Rounder,Expert,Physical,A,A,"March 15, 2026"
77.,Sirfetchd,Sirfetch'd,2.,"3,460.",151.,95.,23.,84.,0.,0.,0.,11.07,"3,700.",0.,Melee,All-Rounder,Expert,Physical,A,A,"March 15, 2026"
77.,Sirfetchd,Sirfetch'd,3.,"3,636.",164.,111.,27.,100.,0.,0.,0.,12.24,"3,700.",0.,Melee,All-Rounder,Expert,Physical,A,A,"March 15, 2026"
77.,Sirfetchd,Sirfetch'd,4.,"3,830.",178.,129.,31.,117.,0.,0.,0.,13.53,"3,700.",0.,Melee,All-Rounder,Expert,Physical,A,A,"March 15, 2026"
77.,Sirfetchd,Sirfetch'd,5.,"4,043.",193.,149.,36.,136.,10.,5.,5.,14.95,"3,850.",0.,Melee,All-Rounder,Expert,Physical,A,A,"March 15, 2026"
77.,Sirfetchd,Sirfetch'd,6.,"4,277.",210.,171.,41.,157.,10.,5.,5.,16.51,"3,850.",0.,Melee,All-Rounder,Expert,Physical,A,A,"March 15, 2026"
77.,Sirfetchd,Sirfetch'd,7.,"4,535.",228.,195.,46.,180.,10.,5.,10.,18.23,"4,000.",0.,Melee,All-Rounder,Expert,Physical,A,A,"March 15, 2026"
77.,Sirfetchd,Sirfetch'd,8.,"4,819.",248.,222.,52.,205.,10.,5.,10.,20.12,"4,000.",0.,Melee,All-Rounder,Expert,Physical,A,A,"March 15, 2026"
77.,Sirfetchd,Sirfetch'd,9.,"5,132.",270.,251.,59.,233.,20.,10.,15.,22.21,"4,150.",0.,Melee,All-Rounder,Expert,Physical,A,A,"March 15, 2026"
77.,Sirfetchd,Sirfetch'd,10.,"5,477.",294.,283.,66.,264.,20.,10.,15.,24.51,"4,150.",0.,Melee,All-Rounder,Expert,Physical,A,A,"March 15, 2026"
77.,Sirfetchd,Sirfetch'd,11.,"5,857.",321.,319.,74.,298.,20.,10.,15.,27.04,"4,300.",0.,Melee,All-Rounder,Expert,Physical,A,A,"March 15, 2026"
77.,Sirfetchd,Sirfetch'd,12.,"6,275.",351.,358.,83.,335.,20.,10.,15.,29.83,"4,300.",0.,Melee,All-Rounder,Expert,Physical,A,A,"March 15, 2026"
77.,Sirfetchd,Sirfetch'd,13.,"6,735.",384.,401.,93.,376.,20.,10.,20.,32.9,"4,300.",0.,Melee,All-Rounder,Expert,Physical,A,A,"March 15, 2026"
77.,Sirfetchd,Sirfetch'd,14.,"7,242.",420.,448.,104.,421.,20.,10.,20.,36.28,"4,300.",0.,Melee,All-Rounder,Expert,Physical,A,A,"March 15, 2026"
77.,Sirfetchd,Sirfetch'd,15.,"7,800.",460.,500.,116.,470.,20.,10.,20.,40.,"4,300.",0.,Melee,All-Rounder,Expert,Physical,A,A,"March 15, 2026"
78.,Skeledirge,Skeledirge,1.,"3,340.",20.,76.,118.,72.,0.,0.,0.,10.,"3,700.",0.,Ranged,Attacker,Intermediate,Special,TBD,TBD,"June 21, 2026"
78.,Skeledirge,Skeledirge,2.,"3,395.",21.,80.,126.,75.,0.,0.,0.,10.14,"3,700.",0.,Ranged,Attacker,Intermediate,Special,TBD,TBD,"June 21, 2026"
78.,Skeledirge,Skeledirge,3.,"3,462.",23.,84.,136.,79.,0.,0.,0.,10.32,"3,700.",0.,Ranged,Attacker,Intermediate,Special,TBD,TBD,"June 21, 2026"
78.,Skeledirge,Skeledirge,4.,"3,542.",25.,89.,148.,84.,0.,0.,0.,10.52,"3,700.",0.,Ranged,Attacker,Intermediate,Special,TBD,TBD,"June 21, 2026"
78.,Skeledirge,Skeledirge,5.,"3,830.",32.,108.,192.,101.,0.,5.,0.,11.27,"3,850.",0.,Ranged,Attacker,Intermediate,Special,TBD,TBD,"June 21, 2026"
78.,Skeledirge,Skeledirge,6.,"3,945.",35.,116.,209.,108.,0.,5.,0.,11.57,"3,850.",0.,Ranged,Attacker,Intermediate,Special,TBD,TBD,"June 21, 2026"
78.,Skeledirge,Skeledirge,7.,"4,470.",48.,150.,288.,139.,0.,5.,0.,12.93,"4,000.",0.,Ranged,Attacker,Intermediate,Special,TBD,TBD,"June 21, 2026"
78.,Skeledirge,Skeledirge,8.,"4,635.",52.,161.,313.,148.,0.,5.,0.,13.35,"4,000.",0.,Ranged,Attacker,Intermediate,Special,TBD,TBD,"June 21, 2026"
78.,Skeledirge,Skeledirge,9.,"4,833.",57.,174.,343.,160.,0.,15.,0.,13.87,"4,150.",0.,Ranged,Attacker,Intermediate,Special,TBD,TBD,"June 21, 2026"
78.,Skeledirge,Skeledirge,10.,"5,072.",63.,190.,379.,174.,0.,15.,0.,14.49,"4,150.",0.,Ranged,Attacker,Intermediate,Special,TBD,TBD,"June 21, 2026"
78.,Skeledirge,Skeledirge,11.,"5,358.",70.,209.,422.,191.,0.,15.,0.,15.23,"4,300.",0.,Ranged,Attacker,Intermediate,Special,TBD,TBD,"June 21, 2026"
78.,Skeledirge,Skeledirge,12.,"5,701.",79.,231.,474.,211.,0.,15.,0.,16.12,"4,300.",0.,Ranged,Attacker,Intermediate,Special,TBD,TBD,"June 21, 2026"
78.,Skeledirge,Skeledirge,13.,"6,113.",89.,258.,536.,236.,0.,25.,0.,17.18,"4,300.",0.,Ranged,Attacker,Intermediate,Special,TBD,TBD,"June 21, 2026"
78.,Skeledirge,Skeledirge,14.,"6,607.",101.,291.,611.,265.,0.,25.,0.,18.46,"4,300.",0.,Ranged,Attacker,Intermediate,Special,TBD,TBD,"June 21, 2026"
78.,Skeledirge,Skeledirge,15.,"7,200.",116.,330.,700.,300.,0.,25.,0.,20.,"4,300.",0.,Ranged,Attacker,Intermediate,Special,TBD,TBD,"June 21, 2026"
79.,Slowbro,Slowbro,1.,"3,225.",150.,70.,50.,60.,0.,0.,0.,10.,"3,700.",0.,Ranged,Defender,Novice,Special,A,A,"December 27, 2025"
79.,Slowbro,Slowbro,2.,"3,361.",153.,79.,58.,68.,0.,0.,0.,10.44,"3,700.",0.,Ranged,Defender,Novice,Special,A,A,"December 27, 2025"
79.,Slowbro,Slowbro,3.,"3,517.",157.,89.,67.,77.,0.,0.,0.,10.95,"3,700.",0.,Ranged,Defender,Novice,Special,A,A,"December 27, 2025"
79.,Slowbro,Slowbro,4.,"4,309.",175.,142.,114.,124.,0.,0.,0.,13.54,"3,700.",0.,Ranged,Defender,Novice,Special,A,A,"December 27, 2025"
79.,Slowbro,Slowbro,5.,"4,516.",180.,156.,126.,136.,0.,0.,0.,14.22,"3,850.",0.,Ranged,Defender,Novice,Special,A,A,"December 27, 2025"
79.,Slowbro,Slowbro,6.,"4,754.",186.,172.,140.,150.,0.,0.,0.,15.,"3,850.",0.,Ranged,Defender,Novice,Special,A,A,"December 27, 2025"
79.,Slowbro,Slowbro,7.,"5,027.",192.,190.,156.,166.,0.,0.,0.,15.89,"4,000.",0.,Ranged,Defender,Novice,Special,A,A,"December 27, 2025"
79.,Slowbro,Slowbro,8.,"5,342.",199.,211.,175.,185.,0.,0.,0.,16.92,"4,000.",0.,Ranged,Defender,Novice,Special,A,A,"December 27, 2025"
79.,Slowbro,Slowbro,9.,"5,704.",207.,235.,196.,206.,0.,0.,0.,18.1,"4,150.",0.,Ranged,Defender,Novice,Special,A,A,"December 27, 2025"
79.,Slowbro,Slowbro,10.,"6,120.",217.,263.,221.,231.,0.,0.,0.,19.46,"4,150.",0.,Ranged,Defender,Novice,Special,A,A,"December 27, 2025"
79.,Slowbro,Slowbro,11.,"6,599.",228.,295.,249.,259.,0.,0.,0.,21.02,"4,300.",0.,Ranged,Defender,Novice,Special,A,A,"December 27, 2025"
79.,Slowbro,Slowbro,12.,"7,150.",241.,332.,282.,291.,0.,0.,0.,22.82,"4,300.",0.,Ranged,Defender,Novice,Special,A,A,"December 27, 2025"
79.,Slowbro,Slowbro,13.,"7,784.",256.,375.,319.,328.,0.,0.,0.,24.89,"4,300.",0.,Ranged,Defender,Novice,Special,A,A,"December 27, 2025"
79.,Slowbro,Slowbro,14.,"8,513.",273.,424.,362.,371.,0.,0.,0.,27.27,"4,300.",0.,Ranged,Defender,Novice,Special,A,A,"December 27, 2025"
79.,Slowbro,Slowbro,15.,"9,350.",292.,480.,411.,420.,0.,0.,0.,30.,"4,300.",0.,Ranged,Defender,Novice,Special,A,A,"December 27, 2025"
80.,Snorlax,Snorlax,1.,"3,300.",175.,97.,20.,70.,0.,0.,0.,10.,"3,650.",0.,Melee,Defender,Novice,Physical,A+,A,"December 27, 2025"
80.,Snorlax,Snorlax,2.,"3,553.",181.,116.,23.,85.,0.,0.,0.,11.07,"3,650.",0.,Melee,Defender,Novice,Physical,A+,A,"December 27, 2025"
80.,Snorlax,Snorlax,3.,"3,831.",188.,137.,27.,101.,0.,0.,0.,12.24,"3,650.",0.,Melee,Defender,Novice,Physical,A+,A,"December 27, 2025"
80.,Snorlax,Snorlax,4.,"4,137.",195.,160.,31.,119.,0.,0.,0.,13.53,"3,650.",0.,Melee,Defender,Novice,Physical,A+,A,"December 27, 2025"
80.,Snorlax,Snorlax,5.,"4,472.",203.,186.,36.,139.,0.,0.,0.,14.95,"3,800.",0.,Melee,Defender,Novice,Physical,A+,A,"December 27, 2025"
80.,Snorlax,Snorlax,6.,"4,842.",212.,214.,41.,161.,0.,5.,0.,16.51,"3,800.",0.,Melee,Defender,Novice,Physical,A+,A,"December 27, 2025"
80.,Snorlax,Snorlax,7.,"5,249.",222.,245.,46.,185.,0.,5.,0.,18.23,"3,950.",0.,Melee,Defender,Novice,Physical,A+,A,"December 27, 2025"
80.,Snorlax,Snorlax,8.,"5,697.",233.,279.,52.,212.,0.,5.,0.,20.12,"3,950.",0.,Melee,Defender,Novice,Physical,A+,A,"December 27, 2025"
80.,Snorlax,Snorlax,9.,"6,191.",245.,317.,59.,241.,0.,5.,0.,22.21,"4,100.",0.,Melee,Defender,Novice,Physical,A+,A,"December 27, 2025"
80.,Snorlax,Snorlax,10.,"6,735.",258.,359.,66.,273.,0.,10.,0.,24.51,"4,100.",0.,Melee,Defender,Novice,Physical,A+,A,"December 27, 2025"
80.,Snorlax,Snorlax,11.,"7,335.",272.,405.,74.,309.,0.,10.,0.,27.04,"4,250.",0.,Melee,Defender,Novice,Physical,A+,A,"December 27, 2025"
80.,Snorlax,Snorlax,12.,"7,994.",288.,456.,83.,348.,0.,10.,0.,29.83,"4,250.",0.,Melee,Defender,Novice,Physical,A+,A,"December 27, 2025"
80.,Snorlax,Snorlax,13.,"8,720.",305.,512.,93.,391.,0.,10.,0.,32.9,"4,250.",0.,Melee,Defender,Novice,Physical,A+,A,"December 27, 2025"
80.,Snorlax,Snorlax,14.,"9,520.",324.,573.,104.,438.,0.,10.,0.,36.28,"4,250.",0.,Melee,Defender,Novice,Physical,A+,A,"December 27, 2025"
80.,Snorlax,Snorlax,15.,"10,400.",345.,640.,116.,490.,0.,10.,0.,40.,"4,250.",0.,Melee,Defender,Novice,Physical,A+,A,"December 27, 2025"
81.,Suicune,Suicune,1.,"3,250.",134.,70.,80.,70.,0.,0.,0.,10.,"3,700.",0.,Ranged,All-Rounder,Intermediate,Special,A+,A,"December 27, 2025"
81.,Suicune,Suicune,2.,"3,391.",140.,78.,105.,78.,0.,0.,0.,10.71,"3,700.",0.,Ranged,All-Rounder,Intermediate,Special,A+,A,"December 27, 2025"
81.,Suicune,Suicune,3.,"3,547.",146.,87.,133.,87.,0.,0.,0.,11.49,"3,700.",0.,Ranged,All-Rounder,Intermediate,Special,A+,A,"December 27, 2025"
81.,Suicune,Suicune,4.,"3,717.",153.,96.,163.,96.,0.,0.,0.,12.35,"3,700.",0.,Ranged,All-Rounder,Intermediate,Special,A+,A,"December 27, 2025"
81.,Suicune,Suicune,5.,"3,905.",160.,106.,196.,106.,0.,5.,0.,13.3,"3,850.",0.,Ranged,All-Rounder,Intermediate,Special,A+,A,"December 27, 2025"
81.,Suicune,Suicune,6.,"4,112.",168.,118.,233.,118.,0.,5.,0.,14.34,"3,850.",0.,Ranged,All-Rounder,Intermediate,Special,A+,A,"December 27, 2025"
81.,Suicune,Suicune,7.,"4,339.",177.,131.,273.,131.,0.,5.,0.,15.49,"4,000.",0.,Ranged,All-Rounder,Intermediate,Special,A+,A,"December 27, 2025"
81.,Suicune,Suicune,8.,"4,589.",187.,145.,317.,145.,0.,5.,0.,16.75,"4,000.",0.,Ranged,All-Rounder,Intermediate,Special,A+,A,"December 27, 2025"
81.,Suicune,Suicune,9.,"4,864.",198.,160.,366.,160.,0.,10.,0.,18.14,"4,150.",0.,Ranged,All-Rounder,Intermediate,Special,A+,A,"December 27, 2025"
81.,Suicune,Suicune,10.,"5,167.",210.,177.,420.,177.,0.,10.,0.,19.67,"4,150.",0.,Ranged,All-Rounder,Intermediate,Special,A+,A,"December 27, 2025"
81.,Suicune,Suicune,11.,"5,500.",223.,195.,479.,195.,0.,10.,0.,21.36,"4,300.",0.,Ranged,All-Rounder,Intermediate,Special,A+,A,"December 27, 2025"
81.,Suicune,Suicune,12.,"5,866.",237.,216.,544.,216.,0.,10.,0.,23.22,"4,300.",0.,Ranged,All-Rounder,Intermediate,Special,A+,A,"December 27, 2025"
81.,Suicune,Suicune,13.,"6,269.",253.,238.,615.,238.,0.,10.,0.,25.27,"4,300.",0.,Ranged,All-Rounder,Intermediate,Special,A+,A,"December 27, 2025"
81.,Suicune,Suicune,14.,"6,712.",271.,263.,694.,263.,0.,10.,0.,27.52,"4,300.",0.,Ranged,All-Rounder,Intermediate,Special,A+,A,"December 27, 2025"
81.,Suicune,Suicune,15.,"7,200.",290.,290.,780.,290.,0.,10.,0.,30.,"4,300.",0.,Ranged,All-Rounder,Intermediate,Special,A+,A,"December 27, 2025"
82.,Sylveon,Sylveon,1.,"3,406.",167.,52.,70.,38.,0.,0.,0.,10.,"3,700.",0.,Ranged,Attacker,Novice,Special,B,C,"December 27, 2025"
82.,Sylveon,Sylveon,2.,"3,494.",171.,57.,84.,42.,0.,0.,0.,10.67,"3,700.",0.,Ranged,Attacker,Novice,Special,B,C,"December 27, 2025"
82.,Sylveon,Sylveon,3.,"3,595.",176.,62.,101.,47.,0.,0.,0.,11.43,"3,700.",0.,Ranged,Attacker,Novice,Special,B,C,"December 27, 2025"
82.,Sylveon,Sylveon,4.,"4,105.",201.,89.,185.,73.,0.,0.,0.,15.31,"3,700.",0.,Ranged,Attacker,Novice,Special,B,C,"December 27, 2025"
82.,Sylveon,Sylveon,5.,"4,238.",208.,96.,207.,80.,0.,5.,0.,16.32,"3,850.",0.,Ranged,Attacker,Novice,Special,B,C,"December 27, 2025"
82.,Sylveon,Sylveon,6.,"4,391.",216.,104.,232.,88.,0.,5.,0.,17.48,"3,850.",0.,Ranged,Attacker,Novice,Special,B,C,"December 27, 2025"
82.,Sylveon,Sylveon,7.,"4,567.",225.,113.,261.,97.,0.,5.,0.,18.82,"4,000.",0.,Ranged,Attacker,Novice,Special,B,C,"December 27, 2025"
82.,Sylveon,Sylveon,8.,"4,770.",235.,124.,294.,107.,0.,5.,0.,20.36,"4,000.",0.,Ranged,Attacker,Novice,Special,B,C,"December 27, 2025"
82.,Sylveon,Sylveon,9.,"5,003.",247.,136.,332.,119.,0.,10.,0.,22.13,"4,150.",0.,Ranged,Attacker,Novice,Special,B,C,"December 27, 2025"
82.,Sylveon,Sylveon,10.,"5,271.",260.,150.,376.,133.,0.,10.,0.,24.17,"4,150.",0.,Ranged,Attacker,Novice,Special,B,C,"December 27, 2025"
82.,Sylveon,Sylveon,11.,"5,579.",275.,166.,427.,149.,0.,10.,0.,26.52,"4,300.",0.,Ranged,Attacker,Novice,Special,B,C,"December 27, 2025"
82.,Sylveon,Sylveon,12.,"5,934.",293.,185.,486.,167.,0.,10.,0.,29.22,"4,300.",0.,Ranged,Attacker,Novice,Special,B,C,"December 27, 2025"
82.,Sylveon,Sylveon,13.,"6,342.",313.,207.,553.,188.,0.,10.,0.,32.32,"4,300.",0.,Ranged,Attacker,Novice,Special,B,C,"December 27, 2025"
82.,Sylveon,Sylveon,14.,"6,811.",336.,232.,631.,212.,0.,10.,0.,35.89,"4,300.",0.,Ranged,Attacker,Novice,Special,B,C,"December 27, 2025"
82.,Sylveon,Sylveon,15.,"7,350.",363.,260.,720.,240.,0.,10.,0.,39.99,"4,300.",0.,Ranged,Attacker,Novice,Special,B,C,"December 27, 2025"
83.,Talonflame,Talonflame,1.,"3,024.",200.,58.,20.,40.,0.,0.,0.,10.,"3,650.",0.,Melee,Speedster,Intermediate,Physical,B+,A,"December 27, 2025"
83.,Talonflame,Talonflame,2.,"3,072.",207.,62.,21.,43.,0.,0.,0.,10.43,"3,650.",4.,Melee,Speedster,Intermediate,Physical,B+,A,"December 27, 2025"
83.,Talonflame,Talonflame,3.,"3,130.",216.,66.,23.,46.,0.,0.,0.,10.94,"3,650.",9.,Melee,Speedster,Intermediate,Physical,B+,A,"December 27, 2025"
83.,Talonflame,Talonflame,4.,"3,200.",227.,71.,25.,50.,0.,0.,0.,11.56,"3,650.",13.,Melee,Speedster,Intermediate,Physical,B+,A,"December 27, 2025"
83.,Talonflame,Talonflame,5.,"3,453.",265.,91.,32.,63.,5.,10.,0.,13.8,"3,800.",17.,Melee,Speedster,Intermediate,Physical,B+,A,"December 27, 2025"
83.,Talonflame,Talonflame,6.,"3,554.",280.,99.,35.,68.,5.,10.,0.,14.69,"3,800.",21.,Melee,Speedster,Intermediate,Physical,B+,A,"December 27, 2025"
83.,Talonflame,Talonflame,7.,"4,012.",349.,135.,48.,92.,5.,10.,0.,18.76,"3,950.",26.,Melee,Speedster,Intermediate,Physical,B+,A,"December 27, 2025"
83.,Talonflame,Talonflame,8.,"4,157.",371.,146.,52.,100.,5.,10.,0.,20.05,"3,950.",30.,Melee,Speedster,Intermediate,Physical,B+,A,"December 27, 2025"
83.,Talonflame,Talonflame,9.,"4,331.",397.,159.,57.,109.,10.,20.,0.,21.59,"4,100.",34.,Melee,Speedster,Intermediate,Physical,B+,A,"December 27, 2025"
83.,Talonflame,Talonflame,10.,"4,539.",428.,175.,63.,120.,10.,20.,0.,23.44,"4,100.",39.,Melee,Speedster,Intermediate,Physical,B+,A,"December 27, 2025"
83.,Talonflame,Talonflame,11.,"4,789.",466.,194.,70.,133.,10.,20.,0.,25.66,"4,250.",43.,Melee,Speedster,Intermediate,Physical,B+,A,"December 27, 2025"
83.,Talonflame,Talonflame,12.,"5,089.",511.,217.,79.,149.,10.,20.,0.,28.33,"4,250.",47.,Melee,Speedster,Intermediate,Physical,B+,A,"December 27, 2025"
83.,Talonflame,Talonflame,13.,"5,499.",565.,245.,89.,168.,10.,20.,0.,31.53,"4,250.",51.,Melee,Speedster,Intermediate,Physical,B+,A,"December 27, 2025"
83.,Talonflame,Talonflame,14.,"5,881.",630.,279.,102.,190.,10.,20.,0.,35.37,"4,250.",56.,Melee,Speedster,Intermediate,Physical,B+,A,"December 27, 2025"
83.,Talonflame,Talonflame,15.,"6,400.",710.,320.,117.,215.,10.,20.,0.,39.98,"4,250.",60.,Melee,Speedster,Intermediate,Physical,B+,A,"December 27, 2025"
84.,Tinkaton,Tinkaton,1.,"3,250.",100.,60.,20.,80.,0.,0.,0.,10.,"3,700.",0.,Melee,All-Rounder,Novice,Physical,B,C,"December 27, 2025"
84.,Tinkaton,Tinkaton,2.,"3,324.",105.,64.,21.,85.,0.,0.,0.,10.29,"3,700.",0.,Melee,All-Rounder,Novice,Physical,B,C,"December 27, 2025"
84.,Tinkaton,Tinkaton,3.,"3,412.",111.,69.,23.,91.,0.,0.,0.,10.63,"3,700.",0.,Melee,All-Rounder,Novice,Physical,B,C,"December 27, 2025"
84.,Tinkaton,Tinkaton,4.,"3,518.",118.,75.,25.,98.,0.,0.,0.,11.04,"3,700.",0.,Melee,All-Rounder,Novice,Physical,B,C,"December 27, 2025"
84.,Tinkaton,Tinkaton,5.,"3,903.",145.,95.,32.,124.,0.,0.,5.,12.54,"3,850.",0.,Melee,All-Rounder,Novice,Physical,B,C,"December 27, 2025"
84.,Tinkaton,Tinkaton,6.,"4,057.",156.,103.,35.,134.,0.,0.,5.,13.14,"3,850.",0.,Melee,All-Rounder,Novice,Physical,B,C,"December 27, 2025"
84.,Tinkaton,Tinkaton,7.,"4,756.",205.,139.,48.,182.,0.,0.,5.,15.86,"4,000.",0.,Melee,All-Rounder,Novice,Physical,B,C,"December 27, 2025"
84.,Tinkaton,Tinkaton,8.,"4,997.",220.,151.,52.,197.,0.,0.,5.,16.72,"4,000.",0.,Melee,All-Rounder,Novice,Physical,B,C,"December 27, 2025"
84.,Tinkaton,Tinkaton,9.,"5,242.",239.,165.,57.,215.,0.,0.,10.,17.75,"4,150.",0.,Melee,All-Rounder,Novice,Physical,B,C,"December 27, 2025"
84.,Tinkaton,Tinkaton,10.,"5,560.",261.,182.,63.,237.,0.,0.,10.,18.98,"4,150.",0.,Melee,All-Rounder,Novice,Physical,B,C,"December 27, 2025"
84.,Tinkaton,Tinkaton,11.,"5,942.",288.,202.,70.,263.,0.,0.,10.,20.46,"4,300.",0.,Melee,All-Rounder,Novice,Physical,B,C,"December 27, 2025"
84.,Tinkaton,Tinkaton,12.,"6,400.",320.,226.,78.,294.,0.,0.,10.,22.24,"4,300.",0.,Melee,All-Rounder,Novice,Physical,B,C,"December 27, 2025"
84.,Tinkaton,Tinkaton,13.,"6,950.",359.,255.,88.,331.,0.,0.,15.,24.37,"4,300.",0.,Melee,All-Rounder,Novice,Physical,B,C,"December 27, 2025"
84.,Tinkaton,Tinkaton,14.,"7,609.",405.,289.,100.,376.,0.,0.,15.,26.93,"4,300.",0.,Melee,All-Rounder,Novice,Physical,B,C,"December 27, 2025"
84.,Tinkaton,Tinkaton,15.,"8,400.",460.,330.,115.,430.,0.,0.,15.,30.,"4,300.",0.,Melee,All-Rounder,Novice,Physical,B,C,"December 27, 2025"
85.,Trevenant,Trevenant,1.,"3,250.",175.,100.,20.,70.,0.,0.,0.,10.,"3,800.",0.,Melee,Defender,Intermediate,Physical,B+,A,"December 27, 2025"
85.,Trevenant,Trevenant,2.,"3,391.",178.,109.,22.,78.,0.,0.,0.,10.44,"3,800.",0.,Melee,Defender,Intermediate,Physical,B+,A,"December 27, 2025"
85.,Trevenant,Trevenant,3.,"3,553.",182.,120.,24.,87.,0.,0.,0.,10.95,"3,800.",0.,Melee,Defender,Intermediate,Physical,B+,A,"December 27, 2025"
85.,Trevenant,Trevenant,4.,"3,739.",187.,132.,27.,97.,0.,5.,0.,11.54,"3,800.",0.,Melee,Defender,Intermediate,Physical,B+,A,"December 27, 2025"
85.,Trevenant,Trevenant,5.,"4,589.",208.,188.,40.,144.,0.,5.,0.,14.22,"3,950.",0.,Melee,Defender,Intermediate,Physical,B+,A,"December 27, 2025"
85.,Trevenant,Trevenant,6.,"4,835.",214.,204.,44.,158.,0.,5.,0.,15.,"3,950.",0.,Melee,Defender,Intermediate,Physical,B+,A,"December 27, 2025"
85.,Trevenant,Trevenant,7.,"5,118.",221.,223.,48.,174.,0.,5.,0.,15.89,"4,100.",0.,Melee,Defender,Intermediate,Physical,B+,A,"December 27, 2025"
85.,Trevenant,Trevenant,8.,"5,444.",229.,245.,53.,192.,0.,5.,0.,16.92,"4,100.",0.,Melee,Defender,Intermediate,Physical,B+,A,"December 27, 2025"
85.,Trevenant,Trevenant,9.,"5,819.",238.,270.,59.,213.,0.,10.,0.,18.1,"4,250.",0.,Melee,Defender,Intermediate,Physical,B+,A,"December 27, 2025"
85.,Trevenant,Trevenant,10.,"6,251.",249.,299.,66.,237.,0.,10.,0.,19.46,"4,250.",0.,Melee,Defender,Intermediate,Physical,B+,A,"December 27, 2025"
85.,Trevenant,Trevenant,11.,"6,748.",261.,332.,74.,264.,0.,10.,0.,21.02,"4,400.",0.,Melee,Defender,Intermediate,Physical,B+,A,"December 27, 2025"
85.,Trevenant,Trevenant,12.,"7,319.",275.,370.,83.,295.,0.,10.,0.,22.82,"4,400.",0.,Melee,Defender,Intermediate,Physical,B+,A,"December 27, 2025"
85.,Trevenant,Trevenant,13.,"7,976.",291.,413.,93.,331.,0.,10.,0.,24.89,"4,400.",0.,Melee,Defender,Intermediate,Physical,B+,A,"December 27, 2025"
85.,Trevenant,Trevenant,14.,"8,731.",309.,463.,104.,373.,0.,10.,0.,27.27,"4,400.",0.,Melee,Defender,Intermediate,Physical,B+,A,"December 27, 2025"
85.,Trevenant,Trevenant,15.,"9,599.",330.,520.,117.,421.,0.,10.,0.,30.,"4,400.",0.,Melee,Defender,Intermediate,Physical,B+,A,"December 27, 2025"
86.,Tsareena,Tsareena,1.,"3,100.",155.,70.,20.,50.,0.,0.,0.,10.,"3,650.",0.,Melee,All-Rounder,Expert,Physical,A+,A,"December 27, 2025"
86.,Tsareena,Tsareena,2.,"3,160.",159.,75.,21.,54.,0.,0.,0.,10.57,"3,650.",0.,Melee,All-Rounder,Expert,Physical,A+,A,"December 27, 2025"
86.,Tsareena,Tsareena,3.,"3,232.",164.,81.,23.,59.,0.,0.,0.,11.26,"3,650.",0.,Melee,All-Rounder,Expert,Physical,A+,A,"December 27, 2025"
86.,Tsareena,Tsareena,4.,"3,529.",185.,105.,30.,79.,0.,0.,0.,14.08,"3,650.",0.,Melee,All-Rounder,Expert,Physical,A+,A,"December 27, 2025"
86.,Tsareena,Tsareena,5.,"3,633.",193.,113.,32.,86.,10.,0.,5.,15.07,"3,800.",0.,Melee,All-Rounder,Expert,Physical,A+,A,"December 27, 2025"
86.,Tsareena,Tsareena,6.,"4,178.",233.,157.,44.,124.,10.,0.,5.,20.26,"3,800.",0.,Melee,All-Rounder,Expert,Physical,A+,A,"December 27, 2025"
86.,Tsareena,Tsareena,7.,"4,328.",244.,169.,47.,134.,10.,0.,10.,21.69,"3,950.",0.,Melee,All-Rounder,Expert,Physical,A+,A,"December 27, 2025"
86.,Tsareena,Tsareena,8.,"4,508.",257.,184.,51.,146.,10.,0.,10.,23.41,"3,950.",0.,Melee,All-Rounder,Expert,Physical,A+,A,"December 27, 2025"
86.,Tsareena,Tsareena,9.,"4,724.",273.,202.,56.,161.,20.,0.,15.,25.47,"4,100.",0.,Melee,All-Rounder,Expert,Physical,A+,A,"December 27, 2025"
86.,Tsareena,Tsareena,10.,"4,983.",292.,223.,62.,179.,20.,0.,15.,27.94,"4,100.",0.,Melee,All-Rounder,Expert,Physical,A+,A,"December 27, 2025"
86.,Tsareena,Tsareena,11.,"5,294.",315.,248.,69.,201.,20.,0.,15.,30.91,"4,250.",0.,Melee,All-Rounder,Expert,Physical,A+,A,"December 27, 2025"
86.,Tsareena,Tsareena,12.,"5,667.",342.,278.,78.,227.,20.,0.,15.,34.47,"4,250.",0.,Melee,All-Rounder,Expert,Physical,A+,A,"December 27, 2025"
86.,Tsareena,Tsareena,13.,"6,115.",374.,314.,88.,258.,20.,0.,20.,38.74,"4,250.",0.,Melee,All-Rounder,Expert,Physical,A+,A,"December 27, 2025"
86.,Tsareena,Tsareena,14.,"6,653.",413.,358.,100.,295.,20.,0.,20.,43.86,"4,250.",0.,Melee,All-Rounder,Expert,Physical,A+,A,"December 27, 2025"
86.,Tsareena,Tsareena,15.,"7,298.",460.,410.,115.,340.,20.,0.,20.,50.01,"4,250.",0.,Melee,All-Rounder,Expert,Physical,A+,A,"December 27, 2025"
87.,Typhlosion,Typhlosion,1.,"3,300.",134.,40.,50.,40.,0.,0.,0.,10.,"3,700.",0.,Ranged,Attacker,Intermediate,Special,A+,S,"June 21, 2026"
87.,Typhlosion,Typhlosion,2.,"3,357.",136.,44.,63.,44.,0.,0.,0.,10.29,"3,700.",0.,Ranged,Attacker,Intermediate,Special,A+,S,"June 21, 2026"
87.,Typhlosion,Typhlosion,3.,"3,426.",139.,49.,79.,49.,0.,0.,0.,10.63,"3,700.",0.,Ranged,Attacker,Intermediate,Special,A+,S,"June 21, 2026"
87.,Typhlosion,Typhlosion,4.,"3,508.",142.,55.,98.,55.,0.,0.,0.,11.04,"3,700.",0.,Ranged,Attacker,Intermediate,Special,A+,S,"June 21, 2026"
87.,Typhlosion,Typhlosion,5.,"3,907.",157.,83.,191.,84.,0.,5.,0.,13.04,"3,850.",0.,Ranged,Attacker,Intermediate,Special,A+,S,"June 21, 2026"
87.,Typhlosion,Typhlosion,6.,"4,026.",162.,91.,219.,93.,0.,5.,0.,13.64,"3,850.",0.,Ranged,Attacker,Intermediate,Special,A+,S,"June 21, 2026"
87.,Typhlosion,Typhlosion,7.,"4,469.",179.,122.,322.,125.,0.,5.,0.,15.86,"4,000.",0.,Ranged,Attacker,Intermediate,Special,A+,S,"June 21, 2026"
87.,Typhlosion,Typhlosion,8.,"4,641.",186.,134.,362.,137.,0.,5.,0.,16.72,"4,000.",0.,Ranged,Attacker,Intermediate,Special,A+,S,"June 21, 2026"
87.,Typhlosion,Typhlosion,9.,"4,847.",194.,148.,410.,152.,0.,15.,0.,17.75,"4,150.",0.,Ranged,Attacker,Intermediate,Special,A+,S,"June 21, 2026"
87.,Typhlosion,Typhlosion,10.,"5,094.",204.,165.,467.,170.,0.,15.,0.,18.98,"4,150.",0.,Ranged,Attacker,Intermediate,Special,A+,S,"June 21, 2026"
87.,Typhlosion,Typhlosion,11.,"5,391.",215.,186.,536.,191.,0.,15.,0.,20.46,"4,300.",0.,Ranged,Attacker,Intermediate,Special,A+,S,"June 21, 2026"
87.,Typhlosion,Typhlosion,12.,"5,747.",229.,211.,619.,217.,0.,15.,0.,22.24,"4,300.",0.,Ranged,Attacker,Intermediate,Special,A+,S,"June 21, 2026"
87.,Typhlosion,Typhlosion,13.,"6,174.",246.,241.,718.,248.,0.,25.,0.,24.37,"4,300.",0.,Ranged,Attacker,Intermediate,Special,A+,S,"June 21, 2026"
87.,Typhlosion,Typhlosion,14.,"6,686.",266.,277.,837.,285.,0.,25.,0.,26.93,"4,300.",0.,Ranged,Attacker,Intermediate,Special,A+,S,"June 21, 2026"
87.,Typhlosion,Typhlosion,15.,"7,300.",290.,320.,980.,330.,0.,25.,0.,30.,"4,300.",0.,Ranged,Attacker,Intermediate,Special,A+,S,"June 21, 2026"
88.,Tyranitar,Tyranitar,1.,"3,300.",150.,110.,20.,90.,0.,0.,0.,10.,"3,800.",0.,Melee,All-Rounder,Intermediate,Physical,C,C,"December 27, 2025"
88.,Tyranitar,Tyranitar,2.,"3,381.",154.,116.,21.,94.,0.,0.,0.,10.29,"3,800.",0.,Melee,All-Rounder,Intermediate,Physical,C,C,"December 27, 2025"
88.,Tyranitar,Tyranitar,3.,"3,478.",159.,123.,23.,99.,0.,0.,0.,10.63,"3,800.",0.,Melee,All-Rounder,Intermediate,Physical,C,C,"December 27, 2025"
88.,Tyranitar,Tyranitar,4.,"3,595.",165.,131.,25.,105.,0.,0.,0.,11.04,"3,800.",0.,Melee,All-Rounder,Intermediate,Physical,C,C,"December 27, 2025"
88.,Tyranitar,Tyranitar,5.,"4,018.",187.,162.,32.,128.,10.,0.,5.,12.54,"3,950.",0.,Melee,All-Rounder,Intermediate,Physical,C,C,"December 27, 2025"
88.,Tyranitar,Tyranitar,6.,"4,186.",196.,174.,35.,137.,10.,0.,5.,13.14,"3,950.",0.,Melee,All-Rounder,Intermediate,Physical,C,C,"December 27, 2025"
88.,Tyranitar,Tyranitar,7.,"4,388.",207.,189.,38.,148.,10.,0.,5.,13.86,"4,100.",0.,Melee,All-Rounder,Intermediate,Physical,C,C,"December 27, 2025"
88.,Tyranitar,Tyranitar,8.,"4,630.",220.,207.,42.,161.,10.,0.,5.,14.72,"4,100.",0.,Melee,All-Rounder,Intermediate,Physical,C,C,"December 27, 2025"
88.,Tyranitar,Tyranitar,9.,"5,486.",266.,269.,56.,207.,20.,0.,10.,17.75,"4,250.",0.,Melee,All-Rounder,Intermediate,Physical,C,C,"December 27, 2025"
88.,Tyranitar,Tyranitar,10.,"5,835.",285.,294.,62.,226.,20.,0.,10.,18.98,"4,250.",0.,Melee,All-Rounder,Intermediate,Physical,C,C,"December 27, 2025"
88.,Tyranitar,Tyranitar,11.,"6,254.",307.,324.,69.,249.,20.,0.,10.,20.46,"4,400.",0.,Melee,All-Rounder,Intermediate,Physical,C,C,"December 27, 2025"
88.,Tyranitar,Tyranitar,12.,"6,756.",334.,360.,77.,276.,20.,0.,10.,22.24,"4,400.",0.,Melee,All-Rounder,Intermediate,Physical,C,C,"December 27, 2025"
88.,Tyranitar,Tyranitar,13.,"7,359.",366.,404.,87.,309.,20.,0.,15.,24.37,"4,400.",0.,Melee,All-Rounder,Intermediate,Physical,C,C,"December 27, 2025"
88.,Tyranitar,Tyranitar,14.,"8,082.",404.,457.,99.,348.,20.,0.,15.,26.93,"4,400.",0.,Melee,All-Rounder,Intermediate,Physical,C,C,"December 27, 2025"
88.,Tyranitar,Tyranitar,15.,"8,950.",450.,520.,114.,395.,20.,0.,15.,30.,"4,400.",0.,Melee,All-Rounder,Intermediate,Physical,C,C,"December 27, 2025"
89.,Umbreon,Umbreon,1.,"3,300.",170.,85.,20.,60.,0.,0.,0.,10.,"3,700.",0.,Melee,Defender,Novice,Physical,A+,A,"December 27, 2025"
89.,Umbreon,Umbreon,2.,"3,439.",174.,96.,22.,69.,0.,0.,0.,10.44,"3,700.",0.,Melee,Defender,Novice,Physical,A+,A,"December 27, 2025"
89.,Umbreon,Umbreon,3.,"3,598.",179.,108.,24.,79.,0.,0.,0.,10.95,"3,700.",0.,Melee,Defender,Novice,Physical,A+,A,"December 27, 2025"
89.,Umbreon,Umbreon,4.,"4,407.",202.,170.,36.,130.,0.,0.,0.,13.54,"3,700.",0.,Melee,Defender,Novice,Physical,A+,A,"December 27, 2025"
89.,Umbreon,Umbreon,5.,"4,618.",208.,186.,39.,143.,0.,5.,0.,14.22,"3,850.",0.,Melee,Defender,Novice,Physical,A+,A,"December 27, 2025"
89.,Umbreon,Umbreon,6.,"4,861.",215.,204.,43.,158.,0.,5.,0.,15.,"3,850.",0.,Melee,Defender,Novice,Physical,A+,A,"December 27, 2025"
89.,Umbreon,Umbreon,7.,"5,140.",223.,225.,47.,175.,0.,5.,0.,15.89,"4,000.",0.,Melee,Defender,Novice,Physical,A+,A,"December 27, 2025"
89.,Umbreon,Umbreon,8.,"5,461.",232.,249.,52.,195.,0.,5.,0.,16.92,"4,000.",0.,Melee,Defender,Novice,Physical,A+,A,"December 27, 2025"
89.,Umbreon,Umbreon,9.,"5,830.",243.,277.,58.,218.,0.,10.,0.,18.1,"4,150.",0.,Melee,Defender,Novice,Physical,A+,A,"December 27, 2025"
89.,Umbreon,Umbreon,10.,"6,255.",255.,309.,64.,245.,0.,10.,0.,19.46,"4,150.",0.,Melee,Defender,Novice,Physical,A+,A,"December 27, 2025"
89.,Umbreon,Umbreon,11.,"6,744.",269.,346.,71.,276.,0.,10.,0.,21.02,"4,300.",0.,Melee,Defender,Novice,Physical,A+,A,"December 27, 2025"
89.,Umbreon,Umbreon,12.,"7,306.",285.,389.,80.,311.,0.,10.,0.,22.82,"4,300.",0.,Melee,Defender,Novice,Physical,A+,A,"December 27, 2025"
89.,Umbreon,Umbreon,13.,"7,953.",304.,438.,90.,351.,0.,10.,0.,24.89,"4,300.",0.,Melee,Defender,Novice,Physical,A+,A,"December 27, 2025"
89.,Umbreon,Umbreon,14.,"8,696.",325.,495.,101.,397.,0.,10.,0.,27.27,"4,300.",0.,Melee,Defender,Novice,Physical,A+,A,"December 27, 2025"
89.,Umbreon,Umbreon,15.,"9,550.",350.,560.,114.,450.,0.,10.,0.,30.,"4,300.",0.,Melee,Defender,Novice,Physical,A+,A,"December 27, 2025"
90.,Urshifu,Urshifu,1.,"3,200.",150.,80.,20.,60.,0.,0.,0.,10.,"3,700.",0.,Melee,All-Rounder,Intermediate,Physical,B+,A,"December 27, 2025"
90.,Urshifu,Urshifu,2.,"3,304.",157.,88.,22.,66.,0.,0.,0.,10.44,"3,700.",0.,Melee,All-Rounder,Intermediate,Physical,B+,A,"December 27, 2025"
90.,Urshifu,Urshifu,3.,"3,424.",165.,97.,24.,73.,0.,0.,0.,10.95,"3,700.",0.,Melee,All-Rounder,Intermediate,Physical,B+,A,"December 27, 2025"
90.,Urshifu,Urshifu,4.,"3,562.",175.,107.,27.,81.,0.,0.,0.,11.54,"3,700.",0.,Melee,All-Rounder,Intermediate,Physical,B+,A,"December 27, 2025"
90.,Urshifu,Urshifu,5.,"4,191.",219.,154.,40.,119.,10.,0.,5.,14.22,"3,850.",0.,Melee,All-Rounder,Intermediate,Physical,B+,A,"December 27, 2025"
90.,Urshifu,Urshifu,6.,"4,373.",232.,168.,44.,130.,10.,0.,5.,15.,"3,850.",0.,Melee,All-Rounder,Intermediate,Physical,B+,A,"December 27, 2025"
90.,Urshifu,Urshifu,7.,"4,583.",247.,184.,48.,143.,10.,0.,5.,15.89,"4,000.",0.,Melee,All-Rounder,Intermediate,Physical,B+,A,"December 27, 2025"
90.,Urshifu,Urshifu,8.,"4,824.",264.,202.,53.,157.,10.,0.,5.,16.92,"4,000.",0.,Melee,All-Rounder,Intermediate,Physical,B+,A,"December 27, 2025"
90.,Urshifu,Urshifu,9.,"5,102.",284.,223.,59.,174.,20.,0.,10.,18.1,"4,150.",0.,Melee,All-Rounder,Intermediate,Physical,B+,A,"December 27, 2025"
90.,Urshifu,Urshifu,10.,"5,421.",306.,247.,65.,193.,20.,0.,10.,19.46,"4,150.",0.,Melee,All-Rounder,Intermediate,Physical,B+,A,"December 27, 2025"
90.,Urshifu,Urshifu,11.,"5,789.",332.,274.,72.,215.,20.,0.,10.,21.02,"4,300.",0.,Melee,All-Rounder,Intermediate,Physical,B+,A,"December 27, 2025"
90.,Urshifu,Urshifu,12.,"6,212.",362.,305.,81.,240.,20.,0.,10.,22.82,"4,300.",0.,Melee,All-Rounder,Intermediate,Physical,B+,A,"December 27, 2025"
90.,Urshifu,Urshifu,13.,"6,698.",396.,341.,91.,269.,20.,0.,15.,24.89,"4,300.",0.,Melee,All-Rounder,Intermediate,Physical,B+,A,"December 27, 2025"
90.,Urshifu,Urshifu,14.,"7,257.",435.,382.,102.,302.,20.,0.,15.,27.27,"4,300.",0.,Melee,All-Rounder,Intermediate,Physical,B+,A,"December 27, 2025"
90.,Urshifu,Urshifu,15.,"7,900.",480.,430.,115.,340.,20.,0.,15.,30.,"4,300.",0.,Melee,All-Rounder,Intermediate,Physical,B+,A,"December 27, 2025"
91.,Vaporeon,Vaporeon,1.,"3,400.",20.,90.,90.,60.,0.,0.,0.,10.,"3,700.",0.,Ranged,Defender,Intermediate,Special,S,A,"December 27, 2025"
91.,Vaporeon,Vaporeon,2.,"3,544.",22.,100.,98.,70.,0.,0.,0.,10.44,"3,700.",0.,Ranged,Defender,Intermediate,Special,S,A,"December 27, 2025"
91.,Vaporeon,Vaporeon,3.,"3,710.",25.,111.,107.,81.,0.,0.,0.,10.95,"3,700.",0.,Ranged,Defender,Intermediate,Special,S,A,"December 27, 2025"
91.,Vaporeon,Vaporeon,4.,"4,551.",37.,170.,154.,138.,0.,0.,0.,13.54,"3,700.",0.,Ranged,Defender,Intermediate,Special,S,A,"December 27, 2025"
91.,Vaporeon,Vaporeon,5.,"4,771.",40.,185.,166.,153.,0.,5.,0.,14.22,"3,850.",0.,Ranged,Defender,Intermediate,Special,S,A,"December 27, 2025"
91.,Vaporeon,Vaporeon,6.,"5,023.",44.,202.,180.,170.,0.,5.,0.,14.99,"3,850.",0.,Ranged,Defender,Intermediate,Special,S,A,"December 27, 2025"
91.,Vaporeon,Vaporeon,7.,"5,313.",48.,222.,196.,190.,0.,5.,0.,15.89,"4,000.",0.,Ranged,Defender,Intermediate,Special,S,A,"December 27, 2025"
91.,Vaporeon,Vaporeon,8.,"5,648.",53.,246.,214.,212.,0.,5.,0.,16.92,"4,000.",0.,Ranged,Defender,Intermediate,Special,S,A,"December 27, 2025"
91.,Vaporeon,Vaporeon,9.,"6,032.",58.,272.,236.,238.,0.,10.,0.,18.1,"4,150.",0.,Ranged,Defender,Intermediate,Special,S,A,"December 27, 2025"
91.,Vaporeon,Vaporeon,10.,"6,474.",65.,303.,260.,268.,0.,10.,0.,19.46,"4,150.",0.,Ranged,Defender,Intermediate,Special,S,A,"December 27, 2025"
91.,Vaporeon,Vaporeon,11.,"6,983.",72.,338.,288.,303.,0.,10.,0.,21.02,"4,300.",0.,Ranged,Defender,Intermediate,Special,S,A,"December 27, 2025"
91.,Vaporeon,Vaporeon,12.,"7,567.",81.,378.,321.,342.,0.,10.,0.,22.82,"4,300.",0.,Ranged,Defender,Intermediate,Special,S,A,"December 27, 2025"
91.,Vaporeon,Vaporeon,13.,"8,238.",91.,425.,358.,388.,0.,10.,0.,24.89,"4,300.",0.,Ranged,Defender,Intermediate,Special,S,A,"December 27, 2025"
91.,Vaporeon,Vaporeon,14.,"9,011.",102.,478.,401.,440.,0.,10.,0.,27.26,"4,300.",0.,Ranged,Defender,Intermediate,Special,S,A,"December 27, 2025"
91.,Vaporeon,Vaporeon,15.,"9,900.",115.,540.,450.,500.,0.,10.,0.,30.,"4,300.",0.,Ranged,Defender,Intermediate,Special,S,A,"December 27, 2025"
92.,Venusaur,Venusaur,1.,"3,300.",134.,50.,50.,50.,0.,0.,0.,10.,"3,700.",0.,Ranged,Attacker,Novice,Special,B,A,"December 27, 2025"
92.,Venusaur,Venusaur,2.,"3,350.",136.,53.,63.,53.,0.,0.,0.,10.14,"3,700.",0.,Ranged,Attacker,Novice,Special,B,A,"December 27, 2025"
92.,Venusaur,Venusaur,3.,"3,410.",139.,57.,79.,56.,0.,0.,0.,10.31,"3,700.",0.,Ranged,Attacker,Novice,Special,B,A,"December 27, 2025"
92.,Venusaur,Venusaur,4.,"3,482.",142.,62.,98.,60.,0.,0.,0.,10.52,"3,700.",0.,Ranged,Attacker,Novice,Special,B,A,"December 27, 2025"
92.,Venusaur,Venusaur,5.,"3,831.",154.,85.,166.,79.,0.,5.,0.,11.27,"3,850.",0.,Ranged,Attacker,Novice,Special,B,A,"December 27, 2025"
92.,Venusaur,Venusaur,6.,"3,935.",159.,92.,193.,85.,0.,5.,0.,11.57,"3,850.",0.,Ranged,Attacker,Novice,Special,B,A,"December 27, 2025"
92.,Venusaur,Venusaur,7.,"4,323.",180.,118.,317.,106.,0.,5.,0.,12.93,"4,000.",0.,Ranged,Attacker,Novice,Special,B,A,"December 27, 2025"
92.,Venusaur,Venusaur,8.,"4,473.",187.,128.,356.,114.,0.,5.,0.,13.36,"4,000.",0.,Ranged,Attacker,Novice,Special,B,A,"December 27, 2025"
92.,Venusaur,Venusaur,9.,"4,653.",195.,140.,403.,124.,0.,15.,0.,13.87,"4,150.",0.,Ranged,Attacker,Novice,Special,B,A,"December 27, 2025"
92.,Venusaur,Venusaur,10.,"4,869.",205.,154.,459.,136.,0.,15.,0.,14.49,"4,150.",0.,Ranged,Attacker,Novice,Special,B,A,"December 27, 2025"
92.,Venusaur,Venusaur,11.,"5,129.",217.,171.,527.,150.,0.,15.,0.,15.23,"4,300.",0.,Ranged,Attacker,Novice,Special,B,A,"December 27, 2025"
92.,Venusaur,Venusaur,12.,"5,440.",231.,191.,608.,167.,0.,15.,0.,16.12,"4,300.",0.,Ranged,Attacker,Novice,Special,B,A,"December 27, 2025"
92.,Venusaur,Venusaur,13.,"5,814.",248.,216.,705.,187.,0.,25.,0.,17.19,"4,300.",0.,Ranged,Attacker,Novice,Special,B,A,"December 27, 2025"
92.,Venusaur,Venusaur,14.,"6,262.",268.,246.,822.,211.,0.,25.,0.,18.47,"4,300.",0.,Ranged,Attacker,Novice,Special,B,A,"December 27, 2025"
92.,Venusaur,Venusaur,15.,"6,800.",292.,281.,962.,240.,0.,25.,0.,20.01,"4,300.",0.,Ranged,Attacker,Novice,Special,B,A,"December 27, 2025"
93.,Wigglytuff,Wigglytuff,1.,"3,278.",130.,90.,40.,80.,0.,0.,0.,10.,"3,700.",0.,Melee,Supporter,Intermediate,Special,B,B,"December 27, 2025"
93.,Wigglytuff,Wigglytuff,2.,"3,415.",134.,100.,51.,89.,0.,0.,0.,10.22,"3,700.",0.,Melee,Supporter,Intermediate,Special,B,B,"December 27, 2025"
93.,Wigglytuff,Wigglytuff,3.,"3,573.",139.,111.,64.,99.,0.,0.,0.,10.48,"3,700.",0.,Melee,Supporter,Intermediate,Special,B,B,"December 27, 2025"
93.,Wigglytuff,Wigglytuff,4.,"4,372.",162.,169.,131.,151.,0.,0.,0.,11.77,"3,700.",0.,Melee,Supporter,Intermediate,Special,B,B,"December 27, 2025"
93.,Wigglytuff,Wigglytuff,5.,"4,581.",168.,184.,148.,165.,0.,5.,0.,12.11,"3,850.",0.,Melee,Supporter,Intermediate,Special,B,B,"December 27, 2025"
93.,Wigglytuff,Wigglytuff,6.,"4,821.",175.,201.,168.,181.,0.,5.,0.,12.5,"3,850.",0.,Melee,Supporter,Intermediate,Special,B,B,"December 27, 2025"
93.,Wigglytuff,Wigglytuff,7.,"5,097.",183.,221.,191.,199.,0.,5.,0.,12.95,"4,000.",0.,Melee,Supporter,Intermediate,Special,B,B,"December 27, 2025"
93.,Wigglytuff,Wigglytuff,8.,"5,414.",192.,244.,217.,220.,0.,5.,0.,13.46,"4,000.",0.,Melee,Supporter,Intermediate,Special,B,B,"December 27, 2025"
93.,Wigglytuff,Wigglytuff,9.,"5,779.",203.,271.,247.,244.,0.,10.,0.,14.05,"4,150.",0.,Melee,Supporter,Intermediate,Special,B,B,"December 27, 2025"
93.,Wigglytuff,Wigglytuff,10.,"6,199.",215.,302.,282.,271.,0.,10.,0.,14.73,"4,150.",0.,Melee,Supporter,Intermediate,Special,B,B,"December 27, 2025"
93.,Wigglytuff,Wigglytuff,11.,"6,681.",229.,337.,322.,302.,0.,10.,0.,15.51,"4,300.",0.,Melee,Supporter,Intermediate,Special,B,B,"December 27, 2025"
93.,Wigglytuff,Wigglytuff,12.,"7,236.",245.,377.,368.,338.,0.,10.,0.,16.41,"4,300.",0.,Melee,Supporter,Intermediate,Special,B,B,"December 27, 2025"
93.,Wigglytuff,Wigglytuff,13.,"7,874.",264.,424.,421.,379.,0.,10.,0.,17.44,"4,300.",0.,Melee,Supporter,Intermediate,Special,B,B,"December 27, 2025"
93.,Wigglytuff,Wigglytuff,14.,"8,608.",285.,477.,482.,427.,0.,10.,0.,18.63,"4,300.",0.,Melee,Supporter,Intermediate,Special,B,B,"December 27, 2025"
93.,Wigglytuff,Wigglytuff,15.,"9,452.",310.,539.,552.,482.,0.,10.,0.,20.,"4,300.",0.,Melee,Supporter,Intermediate,Special,B,B,"December 27, 2025"
94.,Yveltal,Yveltal,1.,"3,320.",20.,72.,120.,72.,0.,0.,0.,10.,"3,700.",0.,Ranged,Attacker,Novice,Special,TBD,TBD,
94.,Yveltal,Yveltal,2.,"3,452.",23.,80.,141.,80.,0.,0.,0.,10.36,"3,700.",0.,Ranged,Attacker,Novice,Special,TBD,TBD,
94.,Yveltal,Yveltal,3.,"3,596.",27.,89.,165.,89.,0.,0.,0.,10.75,"3,700.",0.,Ranged,Attacker,Novice,Special,TBD,TBD,
94.,Yveltal,Yveltal,4.,"3,755.",31.,99.,191.,99.,0.,0.,0.,11.18,"3,700.",0.,Ranged,Attacker,Novice,Special,TBD,TBD,
94.,Yveltal,Yveltal,5.,"3,930.",36.,110.,219.,110.,0.,5.,0.,11.66,"3,850.",0.,Ranged,Attacker,Novice,Special,TBD,TBD,
94.,Yveltal,Yveltal,6.,"4,123.",41.,122.,251.,122.,0.,5.,0.,12.18,"3,850.",0.,Ranged,Attacker,Novice,Special,TBD,TBD,
94.,Yveltal,Yveltal,7.,"4,335.",46.,135.,285.,135.,0.,5.,0.,12.76,"4,000.",0.,Ranged,Attacker,Novice,Special,TBD,TBD,
94.,Yveltal,Yveltal,8.,"4,568.",53.,149.,323.,149.,0.,5.,0.,13.39,"4,000.",0.,Ranged,Attacker,Novice,Special,TBD,TBD,
94.,Yveltal,Yveltal,9.,"4,824.",59.,165.,365.,165.,0.,15.,0.,14.09,"4,150.",0.,Ranged,Attacker,Novice,Special,TBD,TBD,
94.,Yveltal,Yveltal,10.,"5,106.",67.,183.,411.,183.,0.,15.,0.,14.85,"4,150.",0.,Ranged,Attacker,Novice,Special,TBD,TBD,
94.,Yveltal,Yveltal,11.,"5,416.",75.,202.,462.,202.,0.,15.,0.,15.7,"4,300.",0.,Ranged,Attacker,Novice,Special,TBD,TBD,
94.,Yveltal,Yveltal,12.,"5,757.",84.,223.,517.,223.,0.,15.,0.,16.62,"4,300.",0.,Ranged,Attacker,Novice,Special,TBD,TBD,
94.,Yveltal,Yveltal,13.,"6,133.",93.,246.,579.,246.,0.,25.,0.,17.64,"4,300.",0.,Ranged,Attacker,Novice,Special,TBD,TBD,
94.,Yveltal,Yveltal,14.,"6,545.",104.,272.,646.,272.,0.,25.,0.,18.76,"4,300.",0.,Ranged,Attacker,Novice,Special,TBD,TBD,
94.,Yveltal,Yveltal,15.,"7,000.",116.,300.,720.,300.,0.,25.,0.,20.,"4,300.",0.,Ranged,Attacker,Novice,Special,TBD,TBD,
95.,Zacian,Zacian,1.,"3,600.",160.,100.,20.,80.,0.,0.,0.,20.,"3,800.",0.,Melee,All-Rounder,Intermediate,Physical,A,A,"December 27, 2025"
95.,Zacian,Zacian,2.,"3,757.",175.,112.,23.,90.,0.,0.,0.,20.72,"3,800.",0.,Melee,All-Rounder,Intermediate,Physical,A,A,"December 27, 2025"
95.,Zacian,Zacian,3.,"3,929.",191.,125.,27.,101.,0.,0.,0.,21.5,"3,800.",0.,Melee,All-Rounder,Intermediate,Physical,A,A,"December 27, 2025"
95.,Zacian,Zacian,4.,"4,118.",209.,140.,31.,113.,0.,0.,0.,22.37,"3,800.",0.,Melee,All-Rounder,Intermediate,Physical,A,A,"December 27, 2025"
95.,Zacian,Zacian,5.,"4,326.",229.,156.,35.,126.,5.,0.,5.,23.32,"3,950.",0.,Melee,All-Rounder,Intermediate,Physical,A,A,"December 27, 2025"
95.,Zacian,Zacian,6.,"4,555.",251.,174.,40.,140.,5.,0.,5.,24.36,"3,950.",0.,Melee,All-Rounder,Intermediate,Physical,A,A,"December 27, 2025"
95.,Zacian,Zacian,7.,"4,807.",275.,193.,45.,155.,5.,0.,5.,25.51,"4,100.",0.,Melee,All-Rounder,Intermediate,Physical,A,A,"December 27, 2025"
95.,Zacian,Zacian,8.,"5,085.",302.,214.,51.,172.,5.,0.,5.,26.78,"4,100.",0.,Melee,All-Rounder,Intermediate,Physical,A,A,"December 27, 2025"
95.,Zacian,Zacian,9.,"5,391.",331.,238.,58.,191.,10.,0.,10.,28.17,"4,250.",0.,Melee,All-Rounder,Intermediate,Physical,A,A,"December 27, 2025"
95.,Zacian,Zacian,10.,"5,728.",363.,264.,65.,212.,10.,0.,10.,29.71,"4,250.",0.,Melee,All-Rounder,Intermediate,Physical,A,A,"December 27, 2025"
95.,Zacian,Zacian,11.,"6,100.",399.,293.,73.,235.,10.,0.,10.,31.39,"4,400.",0.,Melee,All-Rounder,Intermediate,Physical,A,A,"December 27, 2025"
95.,Zacian,Zacian,12.,"6,509.",438.,325.,82.,260.,10.,0.,10.,33.24,"4,400.",0.,Melee,All-Rounder,Intermediate,Physical,A,A,"December 27, 2025"
95.,Zacian,Zacian,13.,"6,959.",481.,360.,92.,287.,10.,0.,15.,35.29,"4,400.",0.,Melee,All-Rounder,Intermediate,Physical,A,A,"December 27, 2025"
95.,Zacian,Zacian,14.,"7,455.",528.,398.,103.,317.,10.,0.,15.,37.53,"4,400.",0.,Melee,All-Rounder,Intermediate,Physical,A,A,"December 27, 2025"
95.,Zacian,Zacian,15.,"8,000.",580.,440.,115.,350.,10.,0.,15.,40.,"4,400.",0.,Melee,All-Rounder,Intermediate,Physical,A,A,"December 27, 2025"
96.,Zapdos,Zapdos,1.,"3,320.",20.,74.,120.,74.,0.,0.,0.,10.,"3,700.",0.,Ranged,Attacker,Novice,Special,S,S,"March 15, 2026"
96.,Zapdos,Zapdos,2.,"3,452.",23.,83.,141.,83.,0.,0.,0.,10.36,"3,700.",0.,Ranged,Attacker,Novice,Special,S,S,"March 15, 2026"
96.,Zapdos,Zapdos,3.,"3,596.",27.,92.,165.,92.,0.,0.,0.,10.75,"3,700.",0.,Ranged,Attacker,Novice,Special,S,S,"March 15, 2026"
96.,Zapdos,Zapdos,4.,"3,755.",31.,102.,191.,103.,0.,0.,0.,11.18,"3,700.",0.,Ranged,Attacker,Novice,Special,S,S,"March 15, 2026"
96.,Zapdos,Zapdos,5.,"3,930.",36.,114.,219.,115.,0.,5.,0.,11.66,"3,850.",0.,Ranged,Attacker,Novice,Special,S,S,"March 15, 2026"
96.,Zapdos,Zapdos,6.,"4,123.",41.,126.,251.,128.,0.,5.,0.,12.18,"3,850.",0.,Ranged,Attacker,Novice,Special,S,S,"March 15, 2026"
96.,Zapdos,Zapdos,7.,"4,335.",46.,140.,285.,142.,0.,5.,0.,12.76,"4,000.",0.,Ranged,Attacker,Novice,Special,S,S,"March 15, 2026"
96.,Zapdos,Zapdos,8.,"4,568.",53.,155.,323.,157.,0.,5.,0.,13.39,"4,000.",0.,Ranged,Attacker,Novice,Special,S,S,"March 15, 2026"
96.,Zapdos,Zapdos,9.,"4,824.",59.,172.,365.,175.,0.,15.,0.,14.09,"4,150.",0.,Ranged,Attacker,Novice,Special,S,S,"March 15, 2026"
96.,Zapdos,Zapdos,10.,"5,106.",67.,190.,411.,193.,0.,15.,0.,14.85,"4,150.",0.,Ranged,Attacker,Novice,Special,S,S,"March 15, 2026"
96.,Zapdos,Zapdos,11.,"5,416.",75.,211.,462.,214.,0.,15.,0.,15.7,"4,300.",0.,Ranged,Attacker,Novice,Special,S,S,"March 15, 2026"
96.,Zapdos,Zapdos,12.,"5,757.",84.,233.,517.,237.,0.,15.,0.,16.62,"4,300.",0.,Ranged,Attacker,Novice,Special,S,S,"March 15, 2026"
96.,Zapdos,Zapdos,13.,"6,133.",93.,257.,579.,262.,0.,25.,0.,17.64,"4,300.",0.,Ranged,Attacker,Novice,Special,S,S,"March 15, 2026"
96.,Zapdos,Zapdos,14.,"6,545.",104.,284.,646.,290.,0.,25.,0.,18.76,"4,300.",0.,Ranged,Attacker,Novice,Special,S,S,"March 15, 2026"
96.,Zapdos,Zapdos,15.,"7,000.",116.,314.,720.,320.,0.,25.,0.,20.,"4,300.",0.,Ranged,Attacker,Novice,Special,S,S,"March 15, 2026"
97.,Zeraora,Zeraora,1.,"3,002.",159.,60.,20.,40.,0.,0.,0.,10.,"3,650.",0.,Melee,Speedster,Intermediate,Physical,B+,A,"December 27, 2025"
97.,Zeraora,Zeraora,2.,"3,120.",176.,69.,23.,46.,0.,0.,0.,11.07,"3,650.",4.,Melee,Speedster,Intermediate,Physical,B+,A,"December 27, 2025"
97.,Zeraora,Zeraora,3.,"3,250.",195.,78.,27.,52.,0.,0.,0.,12.24,"3,650.",8.,Melee,Speedster,Intermediate,Physical,B+,A,"December 27, 2025"
97.,Zeraora,Zeraora,4.,"3,393.",216.,88.,31.,59.,0.,0.,0.,13.53,"3,650.",12.,Melee,Speedster,Intermediate,Physical,B+,A,"December 27, 2025"
97.,Zeraora,Zeraora,5.,"3,550.",239.,99.,36.,67.,5.,10.,0.,14.95,"3,800.",17.,Melee,Speedster,Intermediate,Physical,B+,A,"December 27, 2025"
97.,Zeraora,Zeraora,6.,"3,723.",265.,112.,41.,75.,5.,10.,0.,16.51,"3,800.",22.,Melee,Speedster,Intermediate,Physical,B+,A,"December 27, 2025"
97.,Zeraora,Zeraora,7.,"3,913.",293.,126.,47.,84.,5.,10.,0.,18.23,"3,950.",27.,Melee,Speedster,Intermediate,Physical,B+,A,"December 27, 2025"
97.,Zeraora,Zeraora,8.,"4,122.",324.,141.,53.,94.,5.,10.,0.,20.12,"3,950.",32.,Melee,Speedster,Intermediate,Physical,B+,A,"December 27, 2025"
97.,Zeraora,Zeraora,9.,"4,353.",358.,158.,60.,105.,10.,20.,0.,22.21,"4,100.",38.,Melee,Speedster,Intermediate,Physical,B+,A,"December 27, 2025"
97.,Zeraora,Zeraora,10.,"4,607.",396.,176.,68.,117.,10.,20.,0.,24.51,"4,100.",44.,Melee,Speedster,Intermediate,Physical,B+,A,"December 27, 2025"
97.,Zeraora,Zeraora,11.,"4,887.",437.,196.,76.,131.,10.,20.,0.,27.04,"4,250.",50.,Melee,Speedster,Intermediate,Physical,B+,A,"December 27, 2025"
97.,Zeraora,Zeraora,12.,"5,195.",483.,218.,85.,146.,10.,20.,0.,29.83,"4,250.",57.,Melee,Speedster,Intermediate,Physical,B+,A,"December 27, 2025"
97.,Zeraora,Zeraora,13.,"5,534.",533.,243.,95.,162.,10.,20.,0.,32.9,"4,250.",64.,Melee,Speedster,Intermediate,Physical,B+,A,"December 27, 2025"
97.,Zeraora,Zeraora,14.,"5,908.",588.,270.,106.,180.,10.,20.,0.,36.28,"4,250.",72.,Melee,Speedster,Intermediate,Physical,B+,A,"December 27, 2025"
97.,Zeraora,Zeraora,15.,"6,319.",649.,300.,118.,200.,10.,20.,0.,40.,"4,250.",80.,Melee,Speedster,Intermediate,Physical,B+,A,"December 27, 2025"
98.,Zoroark,Zoroark,1.,"3,030.",135.,55.,20.,45.,0.,0.,0.,10.,"3,650.",0.,Melee,Speedster,Expert,Physical,B+,B,"December 27, 2025"
98.,Zoroark,Zoroark,2.,"3,105.",147.,60.,22.,49.,0.,0.,0.,10.44,"3,650.",0.,Melee,Speedster,Expert,Physical,B+,B,"December 27, 2025"
98.,Zoroark,Zoroark,3.,"3,191.",160.,67.,25.,53.,0.,0.,0.,10.95,"3,650.",0.,Melee,Speedster,Expert,Physical,B+,B,"December 27, 2025"
98.,Zoroark,Zoroark,4.,"3,290.",175.,74.,28.,58.,0.,0.,0.,11.54,"3,650.",0.,Melee,Speedster,Expert,Physical,B+,B,"December 27, 2025"
98.,Zoroark,Zoroark,5.,"3,741.",245.,107.,41.,80.,5.,10.,0.,14.22,"3,800.",0.,Melee,Speedster,Expert,Physical,B+,B,"December 27, 2025"
98.,Zoroark,Zoroark,6.,"3,872.",265.,116.,45.,86.,5.,10.,0.,15.,"3,800.",0.,Melee,Speedster,Expert,Physical,B+,B,"December 27, 2025"
98.,Zoroark,Zoroark,7.,"4,022.",288.,127.,49.,94.,5.,10.,0.,15.89,"3,950.",0.,Melee,Speedster,Expert,Physical,B+,B,"December 27, 2025"
98.,Zoroark,Zoroark,8.,"4,195.",315.,140.,54.,102.,5.,10.,0.,16.92,"3,950.",0.,Melee,Speedster,Expert,Physical,B+,B,"December 27, 2025"
98.,Zoroark,Zoroark,9.,"4,394.",346.,154.,60.,112.,10.,20.,0.,18.1,"4,100.",0.,Melee,Speedster,Expert,Physical,B+,B,"December 27, 2025"
98.,Zoroark,Zoroark,10.,"4,624.",382.,171.,67.,123.,10.,20.,0.,19.46,"4,100.",0.,Melee,Speedster,Expert,Physical,B+,B,"December 27, 2025"
98.,Zoroark,Zoroark,11.,"4,887.",423.,190.,75.,136.,10.,20.,0.,21.02,"4,250.",0.,Melee,Speedster,Expert,Physical,B+,B,"December 27, 2025"
98.,Zoroark,Zoroark,12.,"5,190.",470.,212.,84.,151.,10.,20.,0.,22.82,"4,250.",0.,Melee,Speedster,Expert,Physical,B+,B,"December 27, 2025"
98.,Zoroark,Zoroark,13.,"5,539.",525.,237.,94.,168.,10.,20.,0.,24.89,"4,250.",0.,Melee,Speedster,Expert,Physical,B+,B,"December 27, 2025"
98.,Zoroark,Zoroark,14.,"5,939.",588.,266.,106.,187.,10.,20.,0.,27.27,"4,250.",0.,Melee,Speedster,Expert,Physical,B+,B,"December 27, 2025"
98.,Zoroark,Zoroark,15.,"6,400.",660.,300.,120.,210.,10.,20.,0.,30.,"4,250.",0.,Melee,Speedster,Expert,Physical,B+,B,"December 27, 2025"